-- MySQL dump 10.13  Distrib 5.7.25, for Linux (x86_64)
--
-- Host: localhost    Database: tour_operator
-- ------------------------------------------------------
-- Server version	5.7.25-0ubuntu0.18.04.2

/*!40101 SET @OLD_CHARACTER_SET_CLIENT=@@CHARACTER_SET_CLIENT */;
/*!40101 SET @OLD_CHARACTER_SET_RESULTS=@@CHARACTER_SET_RESULTS */;
/*!40101 SET @OLD_COLLATION_CONNECTION=@@COLLATION_CONNECTION */;
/*!40101 SET NAMES utf8 */;
/*!40103 SET @OLD_TIME_ZONE=@@TIME_ZONE */;
/*!40103 SET TIME_ZONE='+00:00' */;
/*!40014 SET @OLD_UNIQUE_CHECKS=@@UNIQUE_CHECKS, UNIQUE_CHECKS=0 */;
/*!40014 SET @OLD_FOREIGN_KEY_CHECKS=@@FOREIGN_KEY_CHECKS, FOREIGN_KEY_CHECKS=0 */;
/*!40101 SET @OLD_SQL_MODE=@@SQL_MODE, SQL_MODE='NO_AUTO_VALUE_ON_ZERO' */;
/*!40111 SET @OLD_SQL_NOTES=@@SQL_NOTES, SQL_NOTES=0 */;

--
-- Table structure for table `auth_group`
--

DROP TABLE IF EXISTS `auth_group`;
/*!40101 SET @saved_cs_client     = @@character_set_client */;
/*!40101 SET character_set_client = utf8 */;
CREATE TABLE `auth_group` (
  `id` int(11) NOT NULL AUTO_INCREMENT,
  `name` varchar(80) COLLATE utf8mb4_polish_ci NOT NULL,
  PRIMARY KEY (`id`),
  UNIQUE KEY `name` (`name`)
) ENGINE=InnoDB DEFAULT CHARSET=utf8mb4 COLLATE=utf8mb4_polish_ci;
/*!40101 SET character_set_client = @saved_cs_client */;

--
-- Dumping data for table `auth_group`
--

LOCK TABLES `auth_group` WRITE;
/*!40000 ALTER TABLE `auth_group` DISABLE KEYS */;
/*!40000 ALTER TABLE `auth_group` ENABLE KEYS */;
UNLOCK TABLES;

--
-- Table structure for table `auth_group_permissions`
--

DROP TABLE IF EXISTS `auth_group_permissions`;
/*!40101 SET @saved_cs_client     = @@character_set_client */;
/*!40101 SET character_set_client = utf8 */;
CREATE TABLE `auth_group_permissions` (
  `id` int(11) NOT NULL AUTO_INCREMENT,
  `group_id` int(11) NOT NULL,
  `permission_id` int(11) NOT NULL,
  PRIMARY KEY (`id`),
  UNIQUE KEY `auth_group_permissions_group_id_permission_id_0cd325b0_uniq` (`group_id`,`permission_id`),
  KEY `auth_group_permissio_permission_id_84c5c92e_fk_auth_perm` (`permission_id`),
  CONSTRAINT `auth_group_permissio_permission_id_84c5c92e_fk_auth_perm` FOREIGN KEY (`permission_id`) REFERENCES `auth_permission` (`id`),
  CONSTRAINT `auth_group_permissions_group_id_b120cbf9_fk_auth_group_id` FOREIGN KEY (`group_id`) REFERENCES `auth_group` (`id`)
) ENGINE=InnoDB DEFAULT CHARSET=utf8mb4 COLLATE=utf8mb4_polish_ci;
/*!40101 SET character_set_client = @saved_cs_client */;

--
-- Dumping data for table `auth_group_permissions`
--

LOCK TABLES `auth_group_permissions` WRITE;
/*!40000 ALTER TABLE `auth_group_permissions` DISABLE KEYS */;
/*!40000 ALTER TABLE `auth_group_permissions` ENABLE KEYS */;
UNLOCK TABLES;

--
-- Table structure for table `auth_permission`
--

DROP TABLE IF EXISTS `auth_permission`;
/*!40101 SET @saved_cs_client     = @@character_set_client */;
/*!40101 SET character_set_client = utf8 */;
CREATE TABLE `auth_permission` (
  `id` int(11) NOT NULL AUTO_INCREMENT,
  `name` varchar(255) COLLATE utf8mb4_polish_ci NOT NULL,
  `content_type_id` int(11) NOT NULL,
  `codename` varchar(100) COLLATE utf8mb4_polish_ci NOT NULL,
  PRIMARY KEY (`id`),
  UNIQUE KEY `auth_permission_content_type_id_codename_01ab375a_uniq` (`content_type_id`,`codename`),
  CONSTRAINT `auth_permission_content_type_id_2f476e4b_fk_django_co` FOREIGN KEY (`content_type_id`) REFERENCES `django_content_type` (`id`)
) ENGINE=InnoDB AUTO_INCREMENT=37 DEFAULT CHARSET=utf8mb4 COLLATE=utf8mb4_polish_ci;
/*!40101 SET character_set_client = @saved_cs_client */;

--
-- Dumping data for table `auth_permission`
--

LOCK TABLES `auth_permission` WRITE;
/*!40000 ALTER TABLE `auth_permission` DISABLE KEYS */;
INSERT INTO `auth_permission` VALUES (1,'Can add log entry',1,'add_logentry'),(2,'Can change log entry',1,'change_logentry'),(3,'Can delete log entry',1,'delete_logentry'),(4,'Can add permission',2,'add_permission'),(5,'Can change permission',2,'change_permission'),(6,'Can delete permission',2,'delete_permission'),(7,'Can add group',3,'add_group'),(8,'Can change group',3,'change_group'),(9,'Can delete group',3,'delete_group'),(10,'Can add user',4,'add_user'),(11,'Can change user',4,'change_user'),(12,'Can delete user',4,'delete_user'),(13,'Can add content type',5,'add_contenttype'),(14,'Can change content type',5,'change_contenttype'),(15,'Can delete content type',5,'delete_contenttype'),(16,'Can add session',6,'add_session'),(17,'Can change session',6,'change_session'),(18,'Can delete session',6,'delete_session'),(19,'Can add holiday',7,'add_holiday'),(20,'Can change holiday',7,'change_holiday'),(21,'Can delete holiday',7,'delete_holiday'),(22,'Can add news',8,'add_news'),(23,'Can change news',8,'change_news'),(24,'Can delete news',8,'delete_news'),(25,'Can add offer',9,'add_offer'),(26,'Can change offer',9,'change_offer'),(27,'Can delete offer',9,'delete_offer'),(28,'Can add participant',10,'add_participant'),(29,'Can change participant',10,'change_participant'),(30,'Can delete participant',10,'delete_participant'),(31,'Can add tour',11,'add_tour'),(32,'Can change tour',11,'change_tour'),(33,'Can delete tour',11,'delete_tour'),(34,'Can add tour participant',12,'add_tourparticipant'),(35,'Can change tour participant',12,'change_tourparticipant'),(36,'Can delete tour participant',12,'delete_tourparticipant');
/*!40000 ALTER TABLE `auth_permission` ENABLE KEYS */;
UNLOCK TABLES;

--
-- Table structure for table `auth_user`
--

DROP TABLE IF EXISTS `auth_user`;
/*!40101 SET @saved_cs_client     = @@character_set_client */;
/*!40101 SET character_set_client = utf8 */;
CREATE TABLE `auth_user` (
  `id` int(11) NOT NULL AUTO_INCREMENT,
  `password` varchar(128) COLLATE utf8mb4_polish_ci NOT NULL,
  `last_login` datetime(6) DEFAULT NULL,
  `is_superuser` tinyint(1) NOT NULL,
  `username` varchar(150) COLLATE utf8mb4_polish_ci NOT NULL,
  `first_name` varchar(30) COLLATE utf8mb4_polish_ci NOT NULL,
  `last_name` varchar(30) COLLATE utf8mb4_polish_ci NOT NULL,
  `email` varchar(254) COLLATE utf8mb4_polish_ci NOT NULL,
  `is_staff` tinyint(1) NOT NULL,
  `is_active` tinyint(1) NOT NULL,
  `date_joined` datetime(6) NOT NULL,
  PRIMARY KEY (`id`),
  UNIQUE KEY `username` (`username`)
) ENGINE=InnoDB AUTO_INCREMENT=3 DEFAULT CHARSET=utf8mb4 COLLATE=utf8mb4_polish_ci;
/*!40101 SET character_set_client = @saved_cs_client */;

--
-- Dumping data for table `auth_user`
--

LOCK TABLES `auth_user` WRITE;
/*!40000 ALTER TABLE `auth_user` DISABLE KEYS */;
INSERT INTO `auth_user` VALUES (1,'pbkdf2_sha256$36000$ZhP3vB0sOGDl$LLpj99AKCcIHz0K0oqBUzkTYPHIdLeh6xiPBD4eH3Gk=','2019-02-13 19:35:32.248393',1,'anna','','','anna@dziewanna.pl',1,1,'2019-02-13 19:32:37.633887'),(2,'pbkdf2_sha256$36000$MpM6tZiAJavW$fft2tAknmVO1Y8njp+2c4EY49Axrb6bFn51qpbEZSWo=','2019-03-15 17:42:25.268064',1,'danusia','','','danusia@gmail.com',1,1,'2019-03-01 15:32:20.016967');
/*!40000 ALTER TABLE `auth_user` ENABLE KEYS */;
UNLOCK TABLES;

--
-- Table structure for table `auth_user_groups`
--

DROP TABLE IF EXISTS `auth_user_groups`;
/*!40101 SET @saved_cs_client     = @@character_set_client */;
/*!40101 SET character_set_client = utf8 */;
CREATE TABLE `auth_user_groups` (
  `id` int(11) NOT NULL AUTO_INCREMENT,
  `user_id` int(11) NOT NULL,
  `group_id` int(11) NOT NULL,
  PRIMARY KEY (`id`),
  UNIQUE KEY `auth_user_groups_user_id_group_id_94350c0c_uniq` (`user_id`,`group_id`),
  KEY `auth_user_groups_group_id_97559544_fk_auth_group_id` (`group_id`),
  CONSTRAINT `auth_user_groups_group_id_97559544_fk_auth_group_id` FOREIGN KEY (`group_id`) REFERENCES `auth_group` (`id`),
  CONSTRAINT `auth_user_groups_user_id_6a12ed8b_fk_auth_user_id` FOREIGN KEY (`user_id`) REFERENCES `auth_user` (`id`)
) ENGINE=InnoDB DEFAULT CHARSET=utf8mb4 COLLATE=utf8mb4_polish_ci;
/*!40101 SET character_set_client = @saved_cs_client */;

--
-- Dumping data for table `auth_user_groups`
--

LOCK TABLES `auth_user_groups` WRITE;
/*!40000 ALTER TABLE `auth_user_groups` DISABLE KEYS */;
/*!40000 ALTER TABLE `auth_user_groups` ENABLE KEYS */;
UNLOCK TABLES;

--
-- Table structure for table `auth_user_user_permissions`
--

DROP TABLE IF EXISTS `auth_user_user_permissions`;
/*!40101 SET @saved_cs_client     = @@character_set_client */;
/*!40101 SET character_set_client = utf8 */;
CREATE TABLE `auth_user_user_permissions` (
  `id` int(11) NOT NULL AUTO_INCREMENT,
  `user_id` int(11) NOT NULL,
  `permission_id` int(11) NOT NULL,
  PRIMARY KEY (`id`),
  UNIQUE KEY `auth_user_user_permissions_user_id_permission_id_14a6b632_uniq` (`user_id`,`permission_id`),
  KEY `auth_user_user_permi_permission_id_1fbb5f2c_fk_auth_perm` (`permission_id`),
  CONSTRAINT `auth_user_user_permi_permission_id_1fbb5f2c_fk_auth_perm` FOREIGN KEY (`permission_id`) REFERENCES `auth_permission` (`id`),
  CONSTRAINT `auth_user_user_permissions_user_id_a95ead1b_fk_auth_user_id` FOREIGN KEY (`user_id`) REFERENCES `auth_user` (`id`)
) ENGINE=InnoDB DEFAULT CHARSET=utf8mb4 COLLATE=utf8mb4_polish_ci;
/*!40101 SET character_set_client = @saved_cs_client */;

--
-- Dumping data for table `auth_user_user_permissions`
--

LOCK TABLES `auth_user_user_permissions` WRITE;
/*!40000 ALTER TABLE `auth_user_user_permissions` DISABLE KEYS */;
/*!40000 ALTER TABLE `auth_user_user_permissions` ENABLE KEYS */;
UNLOCK TABLES;

--
-- Table structure for table `django_admin_log`
--

DROP TABLE IF EXISTS `django_admin_log`;
/*!40101 SET @saved_cs_client     = @@character_set_client */;
/*!40101 SET character_set_client = utf8 */;
CREATE TABLE `django_admin_log` (
  `id` int(11) NOT NULL AUTO_INCREMENT,
  `action_time` datetime(6) NOT NULL,
  `object_id` longtext COLLATE utf8mb4_polish_ci,
  `object_repr` varchar(200) COLLATE utf8mb4_polish_ci NOT NULL,
  `action_flag` smallint(5) unsigned NOT NULL,
  `change_message` longtext COLLATE utf8mb4_polish_ci NOT NULL,
  `content_type_id` int(11) DEFAULT NULL,
  `user_id` int(11) NOT NULL,
  PRIMARY KEY (`id`),
  KEY `django_admin_log_content_type_id_c4bce8eb_fk_django_co` (`content_type_id`),
  KEY `django_admin_log_user_id_c564eba6_fk_auth_user_id` (`user_id`),
  CONSTRAINT `django_admin_log_content_type_id_c4bce8eb_fk_django_co` FOREIGN KEY (`content_type_id`) REFERENCES `django_content_type` (`id`),
  CONSTRAINT `django_admin_log_user_id_c564eba6_fk_auth_user_id` FOREIGN KEY (`user_id`) REFERENCES `auth_user` (`id`)
) ENGINE=InnoDB DEFAULT CHARSET=utf8mb4 COLLATE=utf8mb4_polish_ci;
/*!40101 SET character_set_client = @saved_cs_client */;

--
-- Dumping data for table `django_admin_log`
--

LOCK TABLES `django_admin_log` WRITE;
/*!40000 ALTER TABLE `django_admin_log` DISABLE KEYS */;
/*!40000 ALTER TABLE `django_admin_log` ENABLE KEYS */;
UNLOCK TABLES;

--
-- Table structure for table `django_content_type`
--

DROP TABLE IF EXISTS `django_content_type`;
/*!40101 SET @saved_cs_client     = @@character_set_client */;
/*!40101 SET character_set_client = utf8 */;
CREATE TABLE `django_content_type` (
  `id` int(11) NOT NULL AUTO_INCREMENT,
  `app_label` varchar(100) COLLATE utf8mb4_polish_ci NOT NULL,
  `model` varchar(100) COLLATE utf8mb4_polish_ci NOT NULL,
  PRIMARY KEY (`id`),
  UNIQUE KEY `django_content_type_app_label_model_76bd3d3b_uniq` (`app_label`,`model`)
) ENGINE=InnoDB AUTO_INCREMENT=13 DEFAULT CHARSET=utf8mb4 COLLATE=utf8mb4_polish_ci;
/*!40101 SET character_set_client = @saved_cs_client */;

--
-- Dumping data for table `django_content_type`
--

LOCK TABLES `django_content_type` WRITE;
/*!40000 ALTER TABLE `django_content_type` DISABLE KEYS */;
INSERT INTO `django_content_type` VALUES (1,'admin','logentry'),(3,'auth','group'),(2,'auth','permission'),(4,'auth','user'),(5,'contenttypes','contenttype'),(6,'sessions','session'),(7,'webpage_offer','holiday'),(8,'webpage_offer','news'),(9,'webpage_offer','offer'),(10,'webpage_tour','participant'),(11,'webpage_tour','tour'),(12,'webpage_tour','tourparticipant');
/*!40000 ALTER TABLE `django_content_type` ENABLE KEYS */;
UNLOCK TABLES;

--
-- Table structure for table `django_migrations`
--

DROP TABLE IF EXISTS `django_migrations`;
/*!40101 SET @saved_cs_client     = @@character_set_client */;
/*!40101 SET character_set_client = utf8 */;
CREATE TABLE `django_migrations` (
  `id` int(11) NOT NULL AUTO_INCREMENT,
  `app` varchar(255) COLLATE utf8mb4_polish_ci NOT NULL,
  `name` varchar(255) COLLATE utf8mb4_polish_ci NOT NULL,
  `applied` datetime(6) NOT NULL,
  PRIMARY KEY (`id`)
) ENGINE=InnoDB AUTO_INCREMENT=26 DEFAULT CHARSET=utf8mb4 COLLATE=utf8mb4_polish_ci;
/*!40101 SET character_set_client = @saved_cs_client */;

--
-- Dumping data for table `django_migrations`
--

LOCK TABLES `django_migrations` WRITE;
/*!40000 ALTER TABLE `django_migrations` DISABLE KEYS */;
INSERT INTO `django_migrations` VALUES (1,'contenttypes','0001_initial','2019-02-13 19:26:36.746029'),(2,'auth','0001_initial','2019-02-13 19:26:38.321154'),(3,'admin','0001_initial','2019-02-13 19:26:38.709242'),(4,'admin','0002_logentry_remove_auto_add','2019-02-13 19:26:38.729291'),(5,'contenttypes','0002_remove_content_type_name','2019-02-13 19:26:38.837948'),(6,'auth','0002_alter_permission_name_max_length','2019-02-13 19:26:38.908532'),(7,'auth','0003_alter_user_email_max_length','2019-02-13 19:26:38.927078'),(8,'auth','0004_alter_user_username_opts','2019-02-13 19:26:38.940818'),(9,'auth','0005_alter_user_last_login_null','2019-02-13 19:26:38.997506'),(10,'auth','0006_require_contenttypes_0002','2019-02-13 19:26:39.002736'),(11,'auth','0007_alter_validators_add_error_messages','2019-02-13 19:26:39.016781'),(12,'auth','0008_alter_user_username_max_length','2019-02-13 19:26:39.085239'),(13,'sessions','0001_initial','2019-02-13 19:26:39.337563'),(14,'webpage_offer','0001_initial','2019-02-13 19:26:39.430666'),(15,'webpage_tour','0001_initial','2019-02-13 19:26:39.700652'),(16,'webpage_offer','0002_offer_image','2019-02-26 18:14:11.678421'),(17,'webpage_offer','0003_auto_20190303_1756','2019-03-03 17:56:27.049519'),(18,'webpage_offer','0004_auto_20190313_1649','2019-03-13 16:49:42.905454'),(19,'webpage_offer','0005_auto_20190315_1715','2019-03-15 17:15:15.384110'),(20,'webpage_offer','0006_auto_20190315_1758','2019-03-15 17:58:16.478922'),(21,'webpage_offer','0007_auto_20190323_1642','2019-03-23 16:48:37.043726'),(22,'webpage_offer','0008_auto_20190323_1648','2019-03-23 16:49:03.317808'),(23,'webpage_offer','0009_auto_20190324_0811','2019-03-24 08:11:52.452633'),(24,'webpage_offer','0010_auto_20190324_1841','2019-03-24 18:41:45.757355'),(25,'webpage_offer','0011_auto_20190324_1911','2019-03-24 19:11:33.202185');
/*!40000 ALTER TABLE `django_migrations` ENABLE KEYS */;
UNLOCK TABLES;

--
-- Table structure for table `django_session`
--

DROP TABLE IF EXISTS `django_session`;
/*!40101 SET @saved_cs_client     = @@character_set_client */;
/*!40101 SET character_set_client = utf8 */;
CREATE TABLE `django_session` (
  `session_key` varchar(40) COLLATE utf8mb4_polish_ci NOT NULL,
  `session_data` longtext COLLATE utf8mb4_polish_ci NOT NULL,
  `expire_date` datetime(6) NOT NULL,
  PRIMARY KEY (`session_key`),
  KEY `django_session_expire_date_a5c62663` (`expire_date`)
) ENGINE=InnoDB DEFAULT CHARSET=utf8mb4 COLLATE=utf8mb4_polish_ci;
/*!40101 SET character_set_client = @saved_cs_client */;

--
-- Dumping data for table `django_session`
--

LOCK TABLES `django_session` WRITE;
/*!40000 ALTER TABLE `django_session` DISABLE KEYS */;
INSERT INTO `django_session` VALUES ('25qu9swrd3pbhbbcax5ls3z5uxjzhw9c','Yjg3OTM4OTE4NWRmYmExYzA5YjFlYzZlMGQxNDE2NzFhODM3ZmRkMjp7Il9hdXRoX3VzZXJfaWQiOiIyIiwiX2F1dGhfdXNlcl9iYWNrZW5kIjoiZGphbmdvLmNvbnRyaWIuYXV0aC5iYWNrZW5kcy5Nb2RlbEJhY2tlbmQiLCJfYXV0aF91c2VyX2hhc2giOiJkNDExY2UxOWJmNTgxZmEzZDBhMDdlYTQwNTg5NmRiZmEwM2NhNTJiIn0=','2019-03-29 17:42:25.300422'),('5v9xucykuyyfc6xmziv9pxzrlp7fe49d','Yjg3OTM4OTE4NWRmYmExYzA5YjFlYzZlMGQxNDE2NzFhODM3ZmRkMjp7Il9hdXRoX3VzZXJfaWQiOiIyIiwiX2F1dGhfdXNlcl9iYWNrZW5kIjoiZGphbmdvLmNvbnRyaWIuYXV0aC5iYWNrZW5kcy5Nb2RlbEJhY2tlbmQiLCJfYXV0aF91c2VyX2hhc2giOiJkNDExY2UxOWJmNTgxZmEzZDBhMDdlYTQwNTg5NmRiZmEwM2NhNTJiIn0=','2019-03-15 15:55:11.400384');
/*!40000 ALTER TABLE `django_session` ENABLE KEYS */;
UNLOCK TABLES;

--
-- Table structure for table `webpage_offer_holiday`
--

DROP TABLE IF EXISTS `webpage_offer_holiday`;
/*!40101 SET @saved_cs_client     = @@character_set_client */;
/*!40101 SET character_set_client = utf8 */;
CREATE TABLE `webpage_offer_holiday` (
  `id` int(11) NOT NULL AUTO_INCREMENT,
  `title` varchar(255) COLLATE utf8mb4_polish_ci NOT NULL,
  `short_descr` longtext COLLATE utf8mb4_polish_ci,
  `schedule` longtext COLLATE utf8mb4_polish_ci NOT NULL,
  `image` varchar(100) COLLATE utf8mb4_polish_ci DEFAULT NULL,
  `withdrawn` tinyint(1) NOT NULL,
  `direction` longtext COLLATE utf8mb4_polish_ci,
  `duration_in_days` varchar(255) COLLATE utf8mb4_polish_ci DEFAULT NULL,
  PRIMARY KEY (`id`)
) ENGINE=InnoDB AUTO_INCREMENT=4 DEFAULT CHARSET=utf8mb4 COLLATE=utf8mb4_polish_ci;
/*!40101 SET character_set_client = @saved_cs_client */;

--
-- Dumping data for table `webpage_offer_holiday`
--

LOCK TABLES `webpage_offer_holiday` WRITE;
/*!40000 ALTER TABLE `webpage_offer_holiday` DISABLE KEYS */;
INSERT INTO `webpage_offer_holiday` VALUES (1,'WŁOCHY - Kalabria','TRANI-BARI-ALBEROBELLO-LECCE-SIBARI-MATERA-MONTE SANT’ANGELO-SAN GIOVANNI ROTONDO-SAN MARINO-12 dni, w tym 2 noclegi przejazdowe ze śniadaniami i obiadokolacjami (HB), 7 noclegów z pełnym wyżywieniem bez obiadu w dniu zakwaterowania i wykwaterowania (FB) w hotelu docelowym i 2 noce przejazdowe w autokarze','<p>&nbsp;</p>\r\n<p>1 Piątek, 5 lipca. Zbi&oacute;rka uczestnik&oacute;w (g. 16.45). Wyjazd z miejsca zbi&oacute;rki (g. 17.00.) Przejazd przez Czechy, Austrię do Włoch.</p>\r\n<p>2 Sobota, 6 lipca. Po drodze kr&oacute;tki post&oacute;j w TRANI (jedno z bardziej malowniczych nadmorskich miasteczek Apulii, zawdzięcza swoją sławę przepięknej, romańskiej XI-wiecznej Cattedrale di San Nicola Pellegrino. Katedra jest zbudowana z charakterystycznego tufu o r&oacute;żnych barwach od białego do r&oacute;żowego, kt&oacute;re o zachodzie słońca przybierają ciepłych i fascynujących odcieni). Przejazd do BARI. Zwiedzanie miasta z przewodnikiem.</p>\r\n<p>3 Niedziela, 7 lipca. Przejazd na zwiedzanie Apulii z uwzględnieniem ALBEROBELLO (miasteczko z listy UNESCO, z prawie p&oacute;łtora tysiąca malutkich domk&oacute;w zbudowanych na planie koła i zwieńczonych stożkowymi dachami, przypomina wioskę hobbit&oacute;w, a innym wioskę smerf&oacute;w) oraz LECCE (mekka miłośnik&oacute;w sztuki barokowej i jedno z najpiękniejszych miast na południe od Rzymu. Historyczne centrum miasta zachwyci nas olbrzymią ilością barokowych kościoł&oacute;w, kamienic i pałac&oacute;w. Z tego powodu Lecce określane jest przez Włoch&oacute;w mianem &ldquo;Florencji południa&rdquo;). Przyjazd do SIBARI.</p>\r\n<p>4-9 Poniedziałek-Sobota, 8-13 lipca. Pobyt na terenie ośrodka rekreacyjno-wypoczynkowego*** w okolicy SIBARI (ośrodek usytuowany jest na kalabryjskim odcinku wybrzeża Morza Jońskiego i stanowi idealną propozycję dla rodzin z dziećmi. Otoczony śr&oacute;dziemnomorską roślinnością, nieopodal od pięknej, piaszczystej plaży zmieszanej z drobnym żwirkiem. Zakres świadczeń obiektu docelowego obejmuje: pełne wyżywienie: śniadanie, lunch i kolację w formie bufetu w restauracji z wodą i białym / lub czerwonym winem (wszystkie napoje w puszkach lub butelkach podlegają opłatom); posiłki specjalne oferują szeroki wyb&oacute;r mięs, sałatek, warzyw, owoc&oacute;w i innych produkt&oacute;w bezglutenowych; karta klubowa obejmuje korzystanie z basenu dla dorosłych i dzieci, usługi plażowe (1 parasol i 2 leżaki na pok&oacute;j), korzystanie z boiska w dzień, korzystanie z rower&oacute;w, program animacyjny w ciągu dnia z aerobikiem wodnym, aerobik, tańce latynoamerykańskie, turnieje tenisowe, piłka nożna, piłka plażowa, kajakarstwo, rowery wodne i deski surfingowe, wieczorne występy z pokazami, piano bar, cotygodniowe pokazy filmowe, wieczory na plaży, klub dla dzieci 4 / 9 lat, mini klub 9/14 lat, klubowe plemię 14/18 lat; zakwaterowanie w pokoju (typ pokoi DBL / TRPL / QDPL): łazienka z prysznicem, suszarką do włos&oacute;w i zestawem kosmetyk&oacute;w, indywidualnie sterowaną klimatyzacją, codzienną zmianą pościeli, małą lod&oacute;wką, przednim patio wyposażonym w st&oacute;ł + 2 krzesła lub leżak lub ł&oacute;żeczko dziecięce, telewizor LCD; inne usługi: darmowe Wi-Fi w holu; 24-godzinna recepcja; przechowalnia bagażu; strażnik nocny; centralna klimatyzowana restauracja; bar przy basenie; bar na plaży; plac zabaw dla dzieci; prywatna plaża z parasolami i leżakami zarezerwowana wyłącznie dla Gości; plaża wyposażona w sprzęt sportowy (kajaki, rowery wodne - dodatkowo płatne); odkryty basen ze słodką wodą dla dzieci; basen z hydromasażem; amfiteatr na świeżym powietrzu; kino pod gwiazdami; korty tenisowe, boisko do siatk&oacute;wki i siatk&oacute;wki plażowej; boisko do piłki nożnej; program animacyjny dla młodych i starszych (Mini Club - Junior Club - Wieczorne pokazy - Wieczory Disco na plaży).</p>\r\n<p>10 Niedziela, 14 lipca. Wykwaterowanie z hotelu. Przejazd do miejscowości MATERA (To niesamowite miasto wykute w skałach jest uważana za jedno z najstarszych miast świata. Matera słynna jest z Sassi obejmującej unikatowe domostwa i groty drążone w skałach i wąwozach, gdzie jeszcze do niedawna mieszkali ludzie. W 1993 wpisano na Listę UNESCO). Przejazd do sanktuarium Świętego Michała Archanioła w miejscowości MONTE SANT&rsquo;ANGELO (to wspaniałe, bardzo stare miejsce kultu, oferuje zapierające dech widoki na zatokę Manfredońską, mistyczną atmosferę groty objawienia i szereg dzieł sztuki znanych mistrz&oacute;w. A do tego opiekunami sławnego sanktuarium są polscy Michaelici). Przejazd na nocleg do SAN GIOVANNI ROTONDO (sto lat temu była to jedna z najbiedniejszych miejscowości południowych Włoch. Dzisiaj wyrosło na tym miejscu duże miasto z grobem cudotw&oacute;rcy Ojca Pio, z założonym przez niego, jednym z najlepszych ośrodk&oacute;w medycznych Włoch &ldquo;Casa del Sollievo&rdquo;, nową bazyliką zaprojektowaną przez Renzo Piano oraz monumentalną drogą krzyżową obok &ldquo;starej&rdquo; bazyliki).</p>\r\n<p>11 Poniedziałek, 15 lipca. Wyjazd w drogę powrotną do Polski. Po drodze kr&oacute;tki post&oacute;j w SAN MARINO (Początki San Marino sięgają 3 września 301 roku, gdy Święty Marinus uciekając przed prześladowaniami cesarza Dioklecjana, schronił się na szczycie Monte Titano i założył tam małą chrześcijańską wsp&oacute;lnotę. Przy dobrej widoczności i bezchmurnym niebie jest to doskonały punkt widokowy Apenin&oacute;w z panoramą na Morze Adriatyckie oraz pobliskie Rimini). Przejazd nocny przez Austrię i Czechy.</p>\r\n<p>12 Wtorek, 16 lipca. Powr&oacute;t do Rzeszowa w godzinach porannych.</p>','images/calabria_AdobeStock_48716431_Preview.jpeg',0,NULL,NULL),(2,'GRECJA, PELOPONEZ 17-29 LIPCA 2019 R.','RZESZÓW-SKOPJE-KANAŁ KORYNCKI-ERMIONI-MYKENY-NAFPLIO-EPIDAUROS-ATENY-DELFY-OCHRYDA-MONASTYR BIGORSKI\r\n13 dni, w tym 2 noclegi przejazdowe ze śniadaniami i obiadokolacjami (HB), 7 noclegów z pełnym wyżywieniem bez obiadu w dniu zakwaterowania i wykwaterowania (FB) w hotelu docelowym i 3 noce przejazdowe w autokarze','<p>&nbsp;</p>\r\n<p>1 Środa, 17 lipca. Zbi&oacute;rka uczestnik&oacute;w (g. 17.45). Wyjazd z miejsca zbi&oacute;rki (g. 18.00.) Przejazd nocny przez Słowację, Węgry.</p>\r\n<p>2 Czwartek, 18 lipca. Przejazd dzienny przez Serbię do stolicy Macedonii P&oacute;łnocnej SKOPJE. Zakwaterowanie w hotelu, obiadokolacja, nocleg. Dla chętnych wieczorny spacer po centrum Skopje.</p>\r\n<p>3 Piątek, 19 lipca. Śniadanie. Wykwaterowanie. Przejazd przez Macedonię i Grecję do ośrodka docelowego. Po drodze kr&oacute;tki post&oacute;j przy KANALE KORYNCKIM. Przyjazd do hotelu. Zakwaterowanie, kolacja i nocleg.</p>\r\n<p>4-9 Sobota-Czwartek, 20-25 lipca. Pobyt na terenie ośrodka rekreacyjno-wypoczynkowego w okolicy ERMIONI (Noclegi na terenie kompleksu *** usytuowanym bezpośrednio przy plaży w klimatyzowanych pokojach w budynku hotelowym lub bungalowach. Pokoje 2,3,4,5-os. z łazienką, na wyposażeniu ł&oacute;żka, szafa ubraniowa, stolik, krzesła, ręczniki. Infrastruktura obejmuje recepcję, restaurację, salę TV, butik, bar przy basenie. Wypoczywający mogą korzystać w ramach opłaty za noclegi z: basenu, brodzika, leżak&oacute;w, boiska do siatk&oacute;wki i koszyk&oacute;wki, stoł&oacute;w do tenisa stołowego, kort&oacute;w tenisowych (r&oacute;wnież nauka gry w tenisa z włoskojęzycznym instruktorem), terenu do mini-golfa; obowiązuje kaucja na poczet wypożyczenia sprzętu jak rakietki, piłki, czy kije golfowe. Dodatkowo można opłacić kursy nurkowania i inne sporty wodne. Animatorzy prowadzą zajęcia np.: aqua aerobik w basenie, zajęcia z dziećmi w Baby Club (j. włoski). Wieczorami dyskoteki, przedstawienia teatralno-muzyczne w amfiteatrze, konkursy, zabawy. Wyżywienie: 3 posiłki dziennie w formie bufetu z deserami, owocami - kuchnia śr&oacute;dziemnomorska (wino białe i czerwone do obiadu i kolacji).</p>\r\n<p>Podczas pobytu odbędzie się jedna całodniowa wycieczka autokarowa z suchym prowiantem zamiast obiadu &ndash; zwiedzanie Argolidy. Po śniadaniu przejazd do MYKEN (zwiedzanie ruin Akropolu ze słynną Bramą Lwic oraz z tzw. Grobu Agamemnona). Przejazd do NAFPLIO (zwiedzanie twierdzy Palamidi z niesamowitym widokiem na Zatokę Argolidzką). Przejazd do EPIDAUROS (zwiedzanie amfiteatru z pozostałościami słynnego Sanktuarium Asklepiosa).</p>\r\n<p>Oferty fakultatywne w Ermioni: 1. Rejs dzienny na wyspę Hydrę; 2. Rejs nocny na wyspę Spetses.</p>\r\n<p>10 Piątek, 26 lipca. Wykwaterowanie z hotelu. Przejazd do DELF, kt&oacute;re przez starożytnych Grek&oacute;w były uznawane za centrum świata (wstęp na stanowisko archeologiczne: Świątynia Apolla, prowadząca do świątyni Święta Droga, Marmaria, antyczny stadion na 7 tysięcy os&oacute;b, Gimnazion oraz tryskające ze skał Fedriad, Źr&oacute;dło Kastalskie w kt&oacute;rym wędrujący po przepowiednię ludzie mogli obmyć głowę i uwolnić się od ciążących na nim wszelkich win). Przejazd nocny do Macedonii.</p>\r\n<p>11 Sobota, 27 lipca. Przyjazd do OCHRYDY. Zwiedzanie Ochrydy oraz rejs do tzw. Zatoki Kości i monastyru św. Nauma (Jezioro Ochrydzkie jest najstarszym jeziorem w Europie i najgłębszym na całych Bałkanach. Na brzegach zachowało się wiele średniowiecznych zabytk&oacute;w, takich jak np. Klasztor św. Nauma. Jezioro Ochrydzkie wraz z leżącym nad nim miastem Ochryda zostało wpisane na listę światowego dziedzictwa UNESCO). Wyokrętowanie ze statku koło hotelu.</p>\r\n<p>12 Niedziela, 28 lipca. Wyjazd w drogę powrotną do Polski. Przejazd do MONASTYRU BIGORSKIEGO SV. JOVANA: podziwianie panoramy z widokiem na najwyższe pasmo Macedonii (Korab). Przejazd dzienny i nocny przez Macedonię, Serbię, Węgry i Słowację do Polski.</p>\r\n<p>13 Poniedziałek, 29 lipca. Powr&oacute;t do Rzeszowa w okolicach godziny 12:00.</p>','images/grecja_AdobeStock_70811576_Preview.jpeg',0,NULL,NULL),(3,'WŁOCHY. WYPOCZYNEK NA SYCYLII','krótki opis','<p>1 Zbi&oacute;rka o godz. 3.00. Wyjazd o 3.30. Przejazd przez Polskę, Czechy, Austrię do hotelu w Wenecji. Zakwaterowanie w hotelu, obiadokolacja i nocleg.</p>\r\n<p>2 Śniadanie. Zwiedzanie Wenecji. Przejazd nocny do Villa San Giovanni w Kalabrii.</p>\r\n<p>3 Przeprawa promowa Villa San Giovanni-Messyna. Przejazd do Tindari [starożytne Tyndaris]: sanktuarium Czarnej Madonny, teatr grecki i mury miejskie z IV i III w p.n.e., widok na Laguny Tindari i Wyspy Liparyjskie. Przejazd do hotelu. Hotel położony jest na tzw. Wybrzeżu Saraceńskim w pięknym ogrodzie z palmami i bugenwillami. Hotel zapewnia następujące świadczenia i usługi: recepcja 24/24, 3 bary (dwa w kompleksie hotelowym i jeden na plaży), sala TV, restauracja z szefem kuchni typowo sycylijskiej, codzienny program rozrywkowy, klimatyzowane pokoje, prywatna plaża z zapewnionym transportem do niej, miniarena do pokaz&oacute;w, sporty wodne i zajęcia aerobiku w wodzie, basen ze zjeżdżalnią oraz basen dla dzieci, klub dla dzieci.</p>\r\n<p>PROGRAMY FAKULTATYWNE: Etna, wyjazd na wys. ok. 1 800 m. n.p.m. (z opcją wyjazdu busami terenowymi w pobliże gł&oacute;wnego krateru &ndash; dodatkowo płatne na miejscu). Kanion rzeki Alcantara. Noto, wpisana na listę UNESCO stolica baroku sycylijskiego. Syrakuzy z Sanktuarium Matki Bożej Płaczącej, Park Archeologiczny z największym na Sycylii teatrem, zwiedzanie kamieniołom&oacute;w z grotą &bdquo;Ucho Dionizjusza&rdquo;, star&oacute;wka na wysepce Ortigia. Katania: zabudowa z kamienia wulkanicznego, katedra św. Agaty. Rejs na Wyspy Liparyjskie.</p>\r\n<p>4-12 Odpoczywanie oraz zwiedzanie według załączonego programu podstawowego, obejmującego 2 wyjazdy do następujących miejsc: Taormina: wizyta w teatrze antycznym (najpiękniejszy starożytny teatr grecki we Włoszech); Cefalu z XII-wieczna katedrą; Palermo: katedra, Pałac Norman&oacute;w, Porta Nuova, Plac Wstydu, Porta Felice</p>\r\n<p>13 Śniadanie. Wykwaterowanie i przejazd do Messyny. Przeprawa promowa Messyna-Villa San Giovanni. Przejazd do Parku Archeologicznego Pompeje (2 godziny). Przejazd na nocleg do Fiuggi.</p>\r\n<p>14 Zwiedzanie Rzymu: Plac i Bazylika św. Piotra, Piazza del Popolo, Tempio di Esculapio, Villa Borgese [czas na relaks], San Giovanni in Laterano, Basilica San Clemente z podziemiami, Koloseum.</p>\r\n<p>15 Przyjazd na miejsce zbi&oacute;rki wyjazdowej w godzinach wieczornych</p>','images/etna_AdobeStock_58834386_Preview.jpeg',0,NULL,NULL);
/*!40000 ALTER TABLE `webpage_offer_holiday` ENABLE KEYS */;
UNLOCK TABLES;

--
-- Table structure for table `webpage_offer_news`
--

DROP TABLE IF EXISTS `webpage_offer_news`;
/*!40101 SET @saved_cs_client     = @@character_set_client */;
/*!40101 SET character_set_client = utf8 */;
CREATE TABLE `webpage_offer_news` (
  `id` int(11) NOT NULL AUTO_INCREMENT,
  `title` varchar(255) COLLATE utf8mb4_polish_ci NOT NULL,
  `short_descr` longtext COLLATE utf8mb4_polish_ci,
  `entry` longtext COLLATE utf8mb4_polish_ci NOT NULL,
  `entry_date` date NOT NULL,
  `image` varchar(100) COLLATE utf8mb4_polish_ci DEFAULT NULL,
  PRIMARY KEY (`id`)
) ENGINE=InnoDB AUTO_INCREMENT=4 DEFAULT CHARSET=utf8mb4 COLLATE=utf8mb4_polish_ci;
/*!40101 SET character_set_client = @saved_cs_client */;

--
-- Dumping data for table `webpage_offer_news`
--

LOCK TABLES `webpage_offer_news` WRITE;
/*!40000 ALTER TABLE `webpage_offer_news` DISABLE KEYS */;
INSERT INTO `webpage_offer_news` VALUES (2,'Jazda po neapolitańsku','Krótki opis','Po wylądowaniu na lotnisku Capodichino w <b>Neapolu</b> skorzystałem z jednej z wielu wypożyczalni samochodów. Do wyboru miałem auta luksusowe, bardzo luksusowe i obrzydliwie luksusowe - wszystkie horrendalnie drogie, zwłaszcza jeśli chcemy uwzględnić wszelkie ponadstandardowe ubezpieczenia. Gdyby ktoś z czytelników nie uczył się jeździć samochodem na ulicach Tirany, albo Bombaju, to polecam gorąco wykupienie wszelkich możliwych dodatkowych pakietów ubezpieczeniowych, nie zważajcie na ceny, bo wasze zdrowie, również to psychiczne jest bezcenne. Z chwilą włączenia się do ruchu wkraczacie do świata z pozoru brutalnego i pozbawionego jakiegokolwiek ładu, tak jakbyście nagle znaleźli się w samym centrum działań wojennych, które zdają się zmierzać wyłącznie do unicestwienia naszego pojazdu. Te podejrzenia zamieniają się w pewność, gdy zaczniemy analizować wszelkie wgniecenia, odrapania, stłuczenia parku maszynowego Neapolitańczyków. Do wcale nierzadkich należą sytuacje, gdy napotyka się samochód ze względnie przeźroczystą folią zamiast przedniej szyby, albo z gustowną tekturką w miejscu wieki temu zaginionej szyby bocznej. Złożone lusterka podczas jazdy to standard, inny typowy objaw to lusterka zdekompletowane i myślę, że zestawienie tych dwóch faktów wiele mówi o neapolitańskiej sztuce prowadzenia pojazdów. Jazda jest tutaj bardzo kontaktowa i naprawdę trzeba mieś oczy dookoła głowy, a ponadto niezwykle przydatny jest dar czytania w myślach tutejszych kierowców.\r\n\r\nCharakteryzując ten chaos i rozgardiasz na południowowłoskich drogach muszę stwierdzić, że jako pieszy czuję się zawsze o wiele bezpieczniej we Włoszech przeciskając się między jadącymi samochodami, nawet w miejscu niekoniecznie dedykowanym do przekraczania drogi, niż w Polsce podczas przechodzenia przez dobrze oznakowane i oświetlone przejście dla pieszych. Włosi dostrzegając kątem oka pieszego traktują go na równi z innymi uczestnikami ruchu (skuterami, rowerami, autokarami, tirami itp.), tj. jako przeszkodę, którą należy jak najszybciej ominąć, lub wyprzedzić. Polacy zasadniczo są rozdrażnieni, gdy takowa „przeszkoda” zaczyna okazywać zainteresowanie wejściem na jezdnię, w związku z czym starają się na tyle dynamicznie jechać, aby wybić z głowy chęć do przeprawiania się na drugą stronę drogi.\r\n\r\nNeapolitańscy kierowcy to prawdziwe oryginały, a przepisy ruchu drogowego traktują co najwyżej jako sugestie. Znaki drogowe, pasy ruchu, sygnalizacje świetlne są przez nich akceptowane tylko o ile nie komplikują zaplanowanych manewrów. Zdarzyło mi się jechać w charakterze pasażera z prawdziwym neapolitańskim kierowcą. Na pierwszy rzut oka wiadomo było, że mam do czynienia z weteranem tamtejszych szos, kombatantem, co to z niejednego krawężnika zbierał fragmenty swojego auta. Oczywiście lusterka były złożone, a samochód rzetelnie poobijany z każdej swojej strony, choć uczciwie należy przyznać, iż części jeszcze nie gubił. W pewnym momencie kierowca zauważył mrugającą czerwoną kontrolkę informującą o „niemaniu” zapiętych pasów, a ponadto pulsował sygnał dźwiękowy. W związku z tym nie przerywając jazdy (w neapolitańskich warunkach bojowych!) odwrócił wzrok od drogi i zaczął poszukiwać jakiegoś niezmiernie ważnego akcesorium. Okazał się nim pas bezpieczeństwa, a raczej jego metalowa część, którą z wyrazem triumfu na twarzy wetknął do zamka i uciszył namolny alarm. Po jakimś czasie najwyraźniej znudził się obserwowaniem drogi przed sobą, gdyż postanowił patrzeć na swego rozmówcę, a jednocześnie gestykulować, przy czym miejcie świadomość, że nie jechaliśmy autem autonomicznym. Na zewnętrz toczyła się komunikacyjna wojna na śmierć i życie, podczas gdy samochód nieubłaganie pokonywał kolejne metry. W sumie nie powinienem się dziwić, gdyż wiem doskonale, że Włosi do porozumiewania się potrzebują tak samo języka jak i rąk, tych ostatnich być może nawet bardziej.\r\n\r\nW nawiązaniu do neapolitańskiego stylu jazdy warto parę słów poświęcić temu w jaki sposób traktowani są piesi: otóż nie są oni w żaden sposób uprzywilejowani. Kierowca widząc pieszego na przejściu lub poza nim wcale nie zdejmuje nogi z gazu, tylko stara się go jak najsprawniej i bez strat w blacharce ominąć. W zdecydowanej większości przypadków mu się to udaje. Gdyby pieszy okazał się nazbyt rozkojarzony, to bardzo szybko obudzi go klakson i delikatne muśnięcie mijającego go na milimetry samochodu. Dla porównania w zdawać by się mogło podobnej kulturowo Hiszpanii odbywa się to w sposób zdecydowanie bardziej cywilizowany. Tam wystarczyło, że zbliżałem się do przejścia, a wszyscy kierowcy bez wyjątku przepuszczali mnie. Podczas gdy ja z wyrazem zakłopotania na twarzy myślałem: „szkoda fatygi, przecież mogę jeszcze parę sekund poczekać”, kierowcy ci uśmiechali się życzliwie, jakby nic nie napełniało ich większym szczęściem jak możliwość przepuszczenia mojej osoby na drugą stronę ulicy.','2019-03-23','images/napoli_AdobeStock_26564836_Preview.jpeg'),(3,'Antonio','opis','Kwaterując drugą noc z kolei w pewnym hotelu kalabryjskim odebrałem dziwny telefon, w którym rozmówca po włosku zaczął umawiać się ze mną na kolację na kolejny dzień, przy czym poinformował, że aktualnie przebywa w Neapolu. Ponieważ dzień wcześniej umówiłem się ze znajomym touroperatorem neapolitańskim na kolację biznesową zacząłem domniemywać, że najprawdopodobniej chodzi o to właśnie spotkanie. Jednakże z każdym kolejnym słowem wypadającym ze słuchawki hotelowego telefonu zaczynały się piętrzyć moje wątpliwości. W związku z tym postanowiłem przejść z niepewnego języka włoskiego na niewiele pewniejszy angielski, aby oświecić mroki mej ignorancji. Pomny tego, że nie wszyscy mieszkańcy obcych krajów są poliglotami zapytałem po włosku czy możemy przejść na angielski. Usłyszałem odpowiedź z delikatną nutą rozpaczy w głosie: „No, ale jak to? Przecież to ja, Antonio z Neapolu, jestem we Włoszech, mówię po włosku i nie rozumiem dlaczego mielibyśmy rozmawiać po angielsku”. Chwyciłem się ostatniej deski ratunku próbując dociec, czy mój interlokutor dzwoni może w imieniu mojego znajomego Massimo w sprawie zaplanowanej kolacji. Na co on odpowiedział niemalże łkając ze zgryzoty, że nie zna żadnego Massimo i że to przecież on – Antonio z Neapolu dzwoni w sprawie kolacji. W końcu doszedłem do wniosku, że to musi być jakaś pomyłka i że sprawa najwyraźniej mnie nie dotyczy. Pożegnałem się krótko i stanowczo i postanowiłem zakończyć rozmowę, z której coraz mniej rozumiałem, a zwłaszcza nie byłem w stanie pojąć dlaczego Massimo osobiście się nie kontaktuje ze mną w sprawie spotkania. \r\nPo kilkunastu sekundach rozdzwonił się telefon na nowo. Odebrałem z miną cierpiętniczą, po czym usłyszałem: „To ja Antonio z Neapolu. Daję moją żonę do telefonu”. I w końcu owa Signora z Neapolu zaczęła przemawiać konkretnie, że jutro przyjeżdżają z mężem (Antonio) do hotelu, w którym ja byłem zameldowany i chce zamówić w nim kolację na godzinę 19.00. Rozsypane puzzle zaczęły układać się w logiczną całość. W końcu załapałem, że nastąpiła zabawna pomyłka, polegająca na tym, że przyszli klienci hotelu dodzwonili się do bieżących klientów z pokoju 216 i zaczęli zamawiać usługi gastronomiczne na następny dzień. \r\nPoinformowałem tym razem z nieskrywanym rozbawieniem, że niestety nie pełnię roli recepcjonisty w tym hotelu i żeby jeszcze raz spróbowali się skontaktować z recepcją. Ponieważ byłem zmęczony i czekała mnie następnego dnia wyczerpująca wycieczka postanowiłem uniemożliwić niezłomnemu Antoniemu z Neapolu dostęp telefoniczny do mojej osoby i wyłączyłem telefon z gniazdka. \r\nW tym momencie olśniła mnie następująca myśl: jak to w ogóle możliwe, że rozmowa adresowana do recepcji hotelowej dwa razy z rzędu trafiała bezpośrednio do mnie. Zauważyłem, że dzień wcześniej gniazdko telefoniczne było wyrwane ze ściany, a bieżącego wieczoru było już do niej przykręcone, wprawdzie obrócone było o jakieś 41,7 stopnia, ale wszystko wskazywało na to, że jakaś kalabryjska myśl techniczna była tego dnia sfokusowana na feralnym telefonie. Najprawdopodobniej, nie pytajcie mnie jak, bo sam nie wiem, dzięki tej naprawie rozmowy kierowane na recepcję były przekazywane do pokoju gości numer 216. Biedny Antonio z Neapolu (jeśli kiedyś przeczyta te słowa, to go gorąco pozdrawiam) zapewne pomyślał, że już nie mają kogo zatrudniać w kalabryjskich hotelach do obsługi recepcji, żeby ci obcokrajowcy choć odrobinę lepiej posługiwali się językiem włoskim: „przecież to ja, Antonio z Neapolu, mówię po włosku i nie rozumiem dlaczego mielibyśmy rozmawiać po angielsku”…','2019-03-24','images/napoli_AdobeStock_132546792_Preview.jpeg');
/*!40000 ALTER TABLE `webpage_offer_news` ENABLE KEYS */;
UNLOCK TABLES;

--
-- Table structure for table `webpage_offer_offer`
--

DROP TABLE IF EXISTS `webpage_offer_offer`;
/*!40101 SET @saved_cs_client     = @@character_set_client */;
/*!40101 SET character_set_client = utf8 */;
CREATE TABLE `webpage_offer_offer` (
  `id` int(11) NOT NULL AUTO_INCREMENT,
  `title` varchar(255) COLLATE utf8mb4_polish_ci NOT NULL,
  `category` varchar(20) COLLATE utf8mb4_polish_ci NOT NULL,
  `direction` longtext COLLATE utf8mb4_polish_ci NOT NULL,
  `duration_in_days` varchar(255) COLLATE utf8mb4_polish_ci NOT NULL,
  `short_descr` longtext COLLATE utf8mb4_polish_ci NOT NULL,
  `schedule` longtext COLLATE utf8mb4_polish_ci NOT NULL,
  `selected` tinyint(1) NOT NULL,
  `selected_sort` int(11) DEFAULT NULL,
  `recommended` tinyint(1) NOT NULL,
  `recommended_sort` int(11) DEFAULT NULL,
  `withdrawn` tinyint(1) NOT NULL,
  `image` varchar(100) COLLATE utf8mb4_polish_ci DEFAULT NULL,
  PRIMARY KEY (`id`)
) ENGINE=InnoDB AUTO_INCREMENT=25 DEFAULT CHARSET=utf8mb4 COLLATE=utf8mb4_polish_ci;
/*!40101 SET character_set_client = @saved_cs_client */;

--
-- Dumping data for table `webpage_offer_offer`
--

LOCK TABLES `webpage_offer_offer` WRITE;
/*!40000 ALTER TABLE `webpage_offer_offer` DISABLE KEYS */;
INSERT INTO `webpage_offer_offer` VALUES (1,'Pienińskie i gorczańskie krajobrazy','for_school','Konina; Krościenko n. Dunajcem; Niedzica; Czorsztyn; Pieniny; Gorce','3 dni (2 noclegi HB)','Wycieczka w Pieniny i (lub) Gorce, , w ramach której będzie można podziwiać atrakcyjne krajobrazy „należące do najosobliwszych i najbardziej fascynujących zjawisk geologicznych całej Ziemi” .','<b>1.</b> Przejazd do <strong>Koniny</strong> u podnóża Gorców. Wejście do  <strong>Gorczańskiego Parku Narodowego </strong>. Wyjście na  <strong>Turbacz </strong>. Przejazd w okolice  <strong>Niedzicy </strong> na nocleg.\r\n<b>2.</b> Przejazd do  <strong>Krościenka nad Dunajcem </strong>. Wejście do  <strong>Pienińskiego Parku Narodowego</strong> (trasa dostosowana przez przewodnika do możliwości grupy). Atrakcja alternatywna:  <strong>Park Wodny Solar Szczawnica </strong>.\r\n<b>3.</b> Przejazd do  <strong>Niedzicy </strong> - wejście do zamku. Rejs po jeziorze Czorsztyńskim do  <strong>Czorsztyna </strong>, zwiedzanie zamku.',0,NULL,0,NULL,0,'images/AdobeStock_29429297_Preview.jpeg'),(2,'Kraków jako ośrodek kulturotwórczy','for_school','Stare Miasto; Pracownia i Muzeum Witrażu; aquapark; Muzeum Lotnictwa; Kraków; Wawel','2 dni (1 nocleg HB)','Tradycyjne zwiedzanie Krakowa połączone z lekcją muzealną w krakowskiej Pracowni i Muzeum Witrażu. Program wzbogacony o pobyt w aquaparku i wizytę w Muzeum Lotnictwa.','<b>1.</b> Zwiedzanie <strong>krakowskiego Starego Miasta</strong> z przewodnikiem. Lekcja muzealna w <strong>Pracowni i Muzeum Witrażu</strong>.\r\n<b>2.</b> Zwiedzanie <strong>Muzeum Lotnictwa</strong>. Pobyt w <strong>aquaparku</strong>.',0,NULL,0,NULL,0,'images/AdobeStock_83189546_Preview.jpeg'),(3,'Szlak niepodległościowy: Warszawa i Lublin','for_school','Gmach Sejmu RP; Muzeum Wojska Polskiego; Stadion CWKS Legia; Cmentarz Powązkowski; Muzeum na Majdanku; Warszawa; Lublin','2 dni (1 nocleg HB)','Wycieczka śladami Marszałka Piłsudskiego w Warszawie oraz do miejsc związanych z ruchem niepodległościowym w Lublinie, gdzie 7.11.1918 utworzono niepodległy Tymczasowy Rząd Ludowy Republiki Polskiej.','<b>1.</b>Miejsca, związane z marszałkiem Józefem Piłsudskim: <strong>Belweder</strong> (oficjalna siedziba Marszałka 1918-1922 oraz 1926-1935); <strong>Plac Piłsudskiego</strong> (miejsce w którym po raz pierwszy żołnierze odrodzonego wojska polskiego składali przysięgę przed Marszałkiem); <strong>Most Poniatowskiego</strong> (na którym Marszałek spotkał się z prezydentem Stanisławem Wojciechowskim w pierwszy dzień przewrotu majowego); <strong>Dom bez Kantów</strong> (Piłsudski do budowniczych: <em>„Tylko mi panowie budujcie bez kantów”</em>); <strong>Kamienica Próchnickich</strong> (jedno z miejsc zamieszkania Piłsudskiego); <strong>Hotel Europejski</strong> (miejsce z ulubioną cukiernią Marszałka). Wizyta w gmachu <strong>Sejmu RP</strong> (Piłsudski mówił, że tych piekielnych nudów, które z sali sejmowej wieją, nie mógłby wytrzymać nawet pół godziny); Zwiedzanie <strong>Muzeum Wojska Polskiego</strong> (tu trafiły pamiątki po Piłsudskim ocalałe z muzeum, które przed wojną mieściło się w Belwederze); Wizyta na stadionie <strong>CWKS Legia</strong> (drużyna piłkarska Legii powstała w 1915 r. w Legionach Polskich założonych przez Piłsudskiego, a stadion Legii od 1930 r., nosił nazwę Stadionu Wojska Polskiego im. Marszałka Józefa Piłsudskiego). Wizyta na <strong>Cmentarzu Powązkowskim</strong> (gdzie spoczywają osoby zasłużone dla polskiej niepodległości, kultury i sztuki). \r\n<b>2.</b> Spacer po <strong>Lublinie</strong> z uwzględnieniem następujących miejsc: <strong>Pałac Lubomirskich</strong> (w którym obradował pierwszy rząd odrodzonej Polski); <strong>Pomnik Nieznanego Żołnierza</strong> na placu Litewskim; <strong>Teatr im. Juliusza Osterwy</strong> (przy dawnej Namiestnikowskiej, gdzie 10 listopada 1918 roku odbył się wiec, na którym przemawiali ministrowie Tymczasowego Rządu Ludowego Republiki Polskiej). Przejazd do <strong>Muzeum na Majdanku</strong> (będącym jednym z tych miejsc w których próbowano unicestwić niepodległość wywalczoną z tak wielkim trudem).',1,0,0,NULL,0,'images/AdobeStock_171309360_Preview.jpeg'),(4,'LITWA: Wileńszczyzna i Auksztota, czyli u źródeł polskiej i litewskiej państwowości','for_school','Kowno; Kierniów; Troki; Pikieliszki; Zułowo; Powiewiórka; Wilno; Litwa; Wileńszczyzna; Auksztota','3 dni, w tym 2 noclegi ze śniadaniami i obiadokolacjami (HB)','Wycieczka do miejsc związanych z formowaniem się współczesnej Polski oraz Litwy, niezmiernie ważnych także dla kształtowania się tożsamości narodowej naszych narodów.','<b>1.</b> Dzień „litewski”: zwiedzanie <strong>Auksztoty</strong> z jej stolicą <strong>Kownem</strong>, „tymczasową” (20 lat) stolicą Litwy w okresie międzywojennym. Krótkie zwiedzanie Starego Miasta: ruiny zamku u zbiegu Wilii i Niemna, ratusz zwany „Białym Łabędziem”, bazylika archikatedralna śś. Piotra i Pawła, Dom Perkuna. Przejazd do <strong>Kierniowa (Kernave)</strong>, uważanego za najstarszą stolicę Litwy i jej centrum religijne w czasach pogańskich. Przejazd do <strong>Trok (Trakai)</strong>, tj. stolicy pogańskiej Litwy z czasów Giedymina: zwiedzanie gotyckiego zamku księcia Witolda na wyspie. \r\n<b>2.</b> Dzień „Piłsudskiego”. Przejazd do miejscowości związanych z życiem i działalnością <strong>Józefa Piłsudskiego</strong>: <strong>Pikieliszki</strong> (letnia rezydencja Piłsudskiego nad jeziorem Želosa), <strong>Zułowo</strong> (miejsce narodzin, dąb upamiętniający dawny dworek Piłsudskich), <strong>Powiewiórka</strong> (kościół św. Kazimierza z XVIII-wieczną chrzcielnicą). Przejazd do stolicy Litwy, <strong>Wilna</strong>: cmentarz na Rossie (grobowiec matki Piłsudskiego wraz z sercem Marszałka oraz groby członków jego rodziny). \r\n<b>3.</b> Dzień „wileński”. Kontynuowanie zwiedzania <strong>Wilna</strong>: Ostra Brama, kościół św. Teresy, cerkiew prawosławna św. Ducha, klasztor bazylianów, plac ratuszowy, kościół św. Kazimierza, Uniwersytet Wileński, gotycki kościół św. Anny, wejście na Górę Giedymina, kościół Piotra i Pawła na Antokolu, katedra wileńska z królewskimi grobami i Kaplicą Królewską św. Kazimierza.',0,NULL,1,1,0,'images/vilnius_AdobeStock_50386350_Preview.jpeg'),(5,'Wyżyna Lubelska z Polesiem','for_school','Kozłówka; Lublin; Poleski Park Narodowy; Chełm; Wyżyna Lubelska; Polesie','3 dni (2 noclegi HB)','Wycieczka na Lubelszczyznę dla obcowania z wybitymi dziełami architektury rezydencjonalnej (Kozłówka), z miejscami pamięci narodowej (Majdanek) oraz z rozległą krainą jezior i bagien (Polesie).','<b>1.</b> Przejazd do <strong>Kozłówki</strong> - zwiedzanie zespołu parkowo-pałacowego (pałac + kaplica, Muzeum Socrealizmu i powozownia). Przejazd do <strong>Lublina</strong> - zwiedzanie miasta z przewodnikiem. \r\n<b>2.</b> Zwiedzanie podziemi kredowych w <strong>Chełmie</strong> oraz krótki spacer po najstarszej części miasta. Przejazd do <strong>Poleskiego Parku Narodowego</strong>. Spacer po wybranej ścieżce przyrodniczej Parku. \r\n<b>3.</b> Przejazd do <strong>Zwierzyńca</strong> (po drodze krótki postój w <strong>Zamościu</strong>). Spływ kajakowy na rzece Tanwi.',0,NULL,0,NULL,0,'images/polesie_AdobeStock_137907100_Preview_V9pmy1y.jpeg'),(6,'SŁOWACJA, Mała Fatra, Zamek Orawski z basenami termalnymi w Besenovej','for_school','Zamek Orawski; Strečno; Janosikowe Diery – Jaskinia Demianowska – Bojnice –– Tatrzańska Łomnica – Besenowa','3 dni (2 noclegi HB)','Wyprawa na zachodnią Słowację, do krainy przepięknych zamków, którym towarzyszą niesamowite widoki Małej Fatry oraz Tatr Słowackich. Wypoczynek na potężnym kompleksie basenów w Basenowej.','<b>1.</b> Przejazd do <strong>Zamku Orawskiego</strong>, który stanowi jeden z najpiękniejszych zabytków architektonicznych Słowacji. W najstarszej części górnego zamku, tzw. Cytadeli znajduje się ekspozycja archeologiczna i Mediateka, która prezentuję filmy kręcone na Zamku Orawskim. Kolejne pomieszczenia oferują ekspozycję przyrodniczą i etnograficzną. Wystawa historyczna znajduję się w środkowej i dolnej części zamku, ponadto można zwiedzić Kaplicę św. Michała i Skarbiec Zamku Orawskiego. \r\n<b>2.</b> Spływ tratwami na rzece Wag (miejscowość Barierova). Zwiedzanie ruin zamku <strong>Strečno</strong>; Przejazd w okolice miasteczka <strong>Terchova</strong> na spacer po <strong>Janosikowych Dierach</strong>. Diery (w języku słowackim „dziury”) to przepiękne wąwozy skalne znajdujące się w <strong>Małej Fatrze Krywańskiej</strong>. Terchova jest legendarnie związana z postacią Janosika, więc Dolne (Dolné diery) i Nowe Diery (Nové diery) nazwano jego imieniem (Jánošíkové diery). Diery tworzą trzy wąwozy, które są ze sobą połączone. Trzecią częścią są Górne Diery (Horné diery), doprowadzające do polany między Rozsutcami. \r\n<b>3.</b> Przejazd do <strong>Besenowej</strong> na baseny termalne.',1,1,0,NULL,0,'images/AdobeStock_175572917_Preview.jpeg'),(7,'Sanktuaria adriatyckie','pilgrimage','Asyż; Cascata Delle Marmore; Watykan; Rzym; Neapol; Pompeje; Trani; Bari; Dubrownik; Medjugorje; Tirana; Ochryd; Sv. Jovan Bigorski; Skopje','8 noclegów w pokojach 2-3 osobowych (hotele 2*/3*), 1 nocleg w autokarze, 1 nocleg na promie (skalkulowano kajuty 4-osobowe); 8 śniadań i 8 obiadokolacji, 1 śniadanie na promie; w cenie kajuty;','Krótki opis, którego brak','<p>1 . Wyjazd z Polski (ok. 20.00), przejazd nocny przez Słowację, Austrię do Włoch.</p>\r\n<p>2. Przyjazd na nocleg w okolicach <strong>RIMINI</strong>.</p>\r\n<p>3 . Przejazd do <strong>ASYŻU</strong>. Zwiedzanie połączone ze mszą św.: Bazylika św. Franciszka, kości&oacute;ł św. Klary, dom św. Franciszka, S. Maria degli Angeli, światynia Minerwy. Przejazd w okolice Narni. Spacer do monumentalnych wodospad&oacute;w zbudowanych przez Rzymian CASCATA DELLE MARMORE. Przejazd na nocleg w okolicach Rzymu (uzdrowisko FIUGGI).</p>\r\n<p>4. Przejazd metrem do centrum <strong>RZYMU</strong>. Msza w kościele p.w. Św. Stanisława. Anioł Pański na Placu św. Piotra. Bazylika św. Piotra, nawiedzenie grobu św. Jana Pawła II, Zamek Św. Anioła, ewentualnie Piazza Navona z fontanną &bdquo;Czterech Rzek&rdquo; Berniniego i kościołem św. Agnieszki, Panteon.</p>\r\n<p>5. Przejazd do centrum <strong>Neapolu</strong> - stolicy południowych Włoch. Zwiedzanie NEAPOLU z przewodnikiem, w trakcie kt&oacute;rego zobaczymy: dzielnicę Santa Lucia, Plac Municipio z Palazzo Reale, Castel Nuovo, Galerię Umberto I i Castel dell\'Ovo.</p>\r\n<p>6. Przejazd do Pompej&oacute;w. <strong>POMPEJE</strong> - zwiedzanie antycznego miasta, kt&oacute;re zostało zasypane przez popi&oacute;ł podczas ogromnej erupcji Wezuwiusza w I w. n.e. Przejazd do portu w Bari (po drodze kr&oacute;tki post&oacute;j w TRANI; XI-wieczna katedra p.w. San Nicola Pellegrina. Spacer po star&oacute;wce BARI. Zaokrętowanie i rejs nocny promem na trasie Bari-Dubrownik.</p>\r\n<p>7. Lekkie śniadanie na promie (w cenie kajuty). Kr&oacute;tkie zwiedzanie <strong>DUBROWNIKA</strong> - chorwackiej &bdquo;perły Adriatyku&rdquo;. Przejazd do MEDJUGORJE. Msza św. i pobyt w Sanktuarium w MEDJUGORJE.</p>\r\n<p>8. Przejazd do stolicy Albanii <strong>Tirany</strong>. Zwiedzanie TIRANY: Plac Matki Teresy, Plac Skanderberga - największego bohatera narodowego Albanii, Katedra Św. Pawła, XVIII-wieczny meczet Ethnem Beya, Piramida (kiedyś mauzoleum Hodży), Pałac Prezydencki i Kongresowy, Muzeum Historii Narodowej, Pomnik Szopena. przejazd do Strugi nad Jeziorem Ochrydzkim (Macedonia).</p>\r\n<p>9. Rejs statkiem do Monastyru św. Nauma. Zwiedzanie <strong>OCHRYDU</strong>; Star&oacute;wka: Bazylika Wczesnochrześcijańska, Bazylika Św. Klimenta Ochrydzkiego, Cerkiew Św. Jana Kaneo, Cerkiew Pervileptos, Twierdza, Promenada. Czas wolny do dyspozycji pielgrzym&oacute;w (np. relaks nad jeziorem).</p>\r\n<p>10. Przejazd przez największy na Bałkanach Park Narodowy Mavrovo i zwiedzanie kompleksu Monastyru św. Jana Chrzciciela (SV. JOVAN BIGORSKI). Przejazd do stolicy Macedonii <strong>Skopje</strong>. Zwiedzanie SKOPJE: Twierdza Skopsko Kale, Cerkiew św. Spasa, Stara Czarszija, Kamienny Most, Pomnik Matki Teresy oraz Dom Jej Pamięci, Stary Dworzec Kolejowy, meczet Mustafa Paszy, wieża zegarowa, Stary Bazar, Carsija; dzielnica muzułmańska, Stare Miasto. Przejazd do LESKOVACA / NISZU w Serbii.</p>\r\n<p>11. Przejazd powrotny do Polski.</p>\r\n<p>&nbsp;</p>',0,NULL,0,NULL,0,'images/napoli_AdobeStock_35232440_Preview.jpeg'),(8,'GRECJA wraz z Rumunią i Bułgarią.','pilgrimage','Rumunia; Alba Iulia; Bukareszt; Iwanowo; Wielkie Tyrnowo; Płowdiw; Kavala; Filippi; Saloniki; Ermioni; Peloponez; Ateny;Korynt; Hydra; Mykeny; Epidauros; Nauplion; Kalambaka; Patras; Objazd Meteory; Wiszące klasztory; Tesalia; Monaster Rylski; Sofia','11 dni','„Wczaso-pielgrzymka” do sanktuariów rumuńskiego, bułgarskiego i greckiego chrześcijaństwa','<p>1. Przejazd nocny przez Słowację, Węgry.</p>\r\n<p>2. Przejazd dzienny przez Rumunię w kierunku stolicy. Po drodze kr&oacute;tki post&oacute;j w Alba Iulii. Alba Iulia była rzymską osadą pn. Apulum, z czasem stała się stolicą rzymskiej Dacji. Do najważniejszych budowli należą m in. wybudowana na początku XVIII wieku potężna twierdza obronna - Alba Carolina (jeden z najlepiej zachowanych tego typu obiekt&oacute;w w Europie), XIII wieczna rzymskokatolicka Katedra św. Michała, wzniesiony na początku XX w. Sob&oacute;r Koronacyjny oraz XVIII wieczna biblioteka Batthyaneum w kt&oacute;rej znajduje się niezwykle cenny zbi&oacute;r rękopis&oacute;w i starodruk&oacute;w pochodzących z VII-XV wieku.</p>\r\n<p>3. Przejazd do Bukaresztu, kt&oacute;ry ze względu na bogatą eklektyczna architekturę, stanowiącą mieszankę wielu styl&oacute;w w okresie międzywojennym nazywany był często \"Małym Paryżem\". Odwiedzając Bukareszt warto zobaczyć wybudowaną w latach 1656-1658 i będącą gł&oacute;wną świątynią rumuńskiego Kościoła Prawosławnego - Katedrę Patriarchalną, XVIII wieczną Cerkiew Kretzulescu, wybudowany na początku XX wieku Pałac Creţulescu, okazały Łuk Triumfalny (Arcul de Triumf) oraz stanowiącą serce średniowiecznego Bukaresztu dzielnicę Lipscani z dawną siedzibą książąt Wołoszczyzny (Curtea Veche). Wyjazd w kierunku Bułgarii. Przejazd do Iwanowa i odwiedzenie skalnych cerkwi. Na wysokich skałach tworzących malownicze zakole rzeki usytuowany jest rozległy zesp&oacute;ł wykutych w skałach monolitycznych kościoł&oacute;w, kaplic oraz klasztor&oacute;w. Do czas&oacute;w obecnych we wnętrzach świątyń zachowały się na ścianach oraz sklepieniach liczne średniowieczne freski. Obrazy te stanowią jeden z najwspanialszych zabytk&oacute;w bułgarskiego malowidła sakralnego. Gł&oacute;wną świątynią całego kompleksu stanowi wykuta wysoko w skale cerkiew św. Bogurodzicy. Żeby się do niej dostać trzeba pokonać około 140 kamiennych stopni. W 1979 kompleks skalnych świątyń Iwanowie został wpisany na Listę UNESCO. Przejazd do Wielkiego Tyrnowa. Zwiedzanie miasta. Przejazd do hotelu w okolicach miasta Płowdiw. W mieście Wielkie Tyrnowo zachowało się wiele niezwykle cennych zabytkowych budowli. Najważniejszym z nich są usytuowane na wzg&oacute;rzu Carewec i otoczone murami rozległe ruiny średniowiecznego zamku i cerkwi. To właśnie tutaj niegdyś mieszkali mieszkali Carowie Bułgarii. Pozostałe warte obejrzenia zabytki Tyrnowa to m in. wzg&oacute;rze Trapezica z ruinami 17 cerkwi i kaplic grobowych, majestatyczna katedra Narodzenia Bogurodzicy, XII wieczna cerkiew św. Dymitra, imponujący dom Sarafkina, kości&oacute;ł św. Konstantyna i Heleny.</p>\r\n<p>4. Przejazd do Kavali, miasta kt&oacute;re jako pierwsze zostało odwiedzone przez św. Pawła podczas jego podr&oacute;ży misyjnej po Europie. Przejazd do Filippi, gdzie św. Paweł założył pierwszą gminę chrześcijańską w Europie. Przejazd do Salonik. Najważniejsze zabytki Salonik jakie warto zobaczyć to m.in. pochodzący z VIII wieku kości&oacute;ł Ag&iacute;a Sof&iacute;a (wzorowany na sławnym konstantynopolskim imienniku), będąca obecnie symbolem miasta i pochodząca z czas&oacute;w ottomańskiego sułtana Sulejmana Wspaniałego - Biała Wieża, Muzeum Archeologiczne, Łuk i Mauzoleum Galeriusza oraz pochodząca z czas&oacute;w rzymskich Rotunda św Jerzego.</p>\r\n<p>5. Przejazd do Ermioni na Peloponezie. Po drodze kr&oacute;tki objazd Aten, oraz post&oacute;j nad Kanałem Korynckim.</p>\r\n<p>6; 8. Odpoczywanie i relaks w hotelu. W tych dniach przewidziany r&oacute;wnież program fakultatywny: rejs na wyspę artyst&oacute;w Hydrę (podobno jest tu tyle cerkwi ile dni w roku) oraz objazd Argolidy: Mykeny, Epidauros i Nafplio. Do najważniejszych budowli kompleksu archeologicznego w Mykenach należą ruiny Akropolu, słynna Brama Lwic (nazwana tak od rzeźby wieńczącej jej masywne nadproże), pozostałości Pałacu Kr&oacute;lewskiego oraz bogate grobowce szybowe w kt&oacute;rych opr&oacute;cz licznej biżuterii, koron i złota odnaleziono także wykonaną ze złotej blachy legendarną maskę Agamemnona. Najbardziej znanym grobowcem odnalezionym na terenie nekropolii jest Skarbiec Atreusza, zwany też grobem Agamemnona (zbudowany w kształcie ula bez użycia zaprawy murarskiej), oraz gr&oacute;b kr&oacute;lowej Sparty - Klitajmestry. Epidauros było obok Kos jednym z najważniejszych sanktuari&oacute;w boga sztuki lekarskiej Asklepiosa. Tym co robi największe wrażenie są malownicze ruiny wkomponowanego w okoliczne zbocza starożytnego teatru. Jest to jeden z najlepiej zachowanych tego typu obiekt&oacute;w w całej Grecji. Nauplion uważany jest za jedno najpiękniejszych miast Peloponezu. Nad miastem g&oacute;ruje wzniesiona przez Wenecjan imponująca forteca Palamidi.</p>\r\n<p>9. Przejazd do Kalambaki, z kr&oacute;tkim postojem w Patras; miejscu męczeńskiej śmierci i spoczynku relikwii św. Andrzeja Apostoła. Objazd Meteor&oacute;w i wejście do jednego z klasztor&oacute;w. Nazwa pochodzi od gr. słowa &bdquo;Meteoros&rdquo; oznaczającego &bdquo;zawieszony na niebie.&rdquo; Wiszące klasztory to jedna z najpiękniejszych atrakcji turystycznych na świecie. Zbudowane zostały na bardzo wysokich, niedostępnych skałach, w centralnej, g&oacute;rzystej części Grecji (Tesalia). Konstruktorzy tych monastyr&oacute;w wybrali miejsce ukształtowane przez naturę ponad 30 mln. lat temu. Wtedy właśnie szumiące tu morze doprowadziło do powstania krajobrazu jakiego nie ma w żadnym innym miejscu na naszym globie. Od XI wieku ten skalny krajobraz z wiszącymi klasztorami jest miejscem religijnej kontemplacji.</p>\r\n<p>10. Przejazd do Bułgarii do Rilskiego Monasteru. Monaster Rylski \"Św. Iwan Rilski\" jest najbardziej znanym bułgarskim klasztorem i znajduje się wysoko w g&oacute;rach - 1147 m n.p.m. Robi ogromne wrażenie swym ogromem, bogatą architekturą, piękną przyrodą naokoło i bardzo dawną historią. Park przyrody \"Rilski monaster\" jest położony w g&oacute;rnych częściach dw&oacute;ch rzek; Rilskiej i Ilijnej. Skłony g&oacute;r opadające ku rzece Rilskiej jest poorany stromymi uskokami, po kt&oacute;rych często się staczają masy skalne i lawiny. Jest tu 28 jezior polodowcowych. Najwyżej są położone &bdquo;Diawołski Ezera&rdquo; (2445 m. n.p.m.) a najniżej; &bdquo;Suchoto Ezero&rdquo; (1892 m.). Przejazd do Sofii na kr&oacute;tkie zwiedzanie stolicy Bułgarii. Przejazd do hotelu, zakwaterowanie, obiadokolacja i nocleg.</p>\r\n<p>11. Wyjazd w drogę powrotną do kraju. Przejazd przez Bułgarię, Serbię, Węgry i Słowację do Polski.</p>\r\n<p>&nbsp;</p>',1,1,0,NULL,0,'images/meteora_AdobeStock_181081214_Preview.jpeg'),(9,'Bośnia i Hercegowina, Chorwacja','pilgrimage','Bośnia; Hercegowina; Chorwacja; Sarajewo; Mostar; Medjugorje; Pocitelj; Kravica; Neum; Ston; Trsteno; Neum','9 dni, w tym 6 noclegów (HB) i 2 noce przejazdowe w autokarze','krótki opis, max 200 znaków','<p>1 Zbi&oacute;rka w Rzeszowie. Wyjazd o 20.00. Przejazd nocny i dzienny do Bośni i Hercegowiny.</p>\r\n<p>2 Przyjazd do Sarajewa.</p>\r\n<p>3 Zwiedzanie Sarajewa. Przejazd do Mostaru oraz przyjazd do Medjugorje. Wizyta w Światowym Centrum Modlitwy o Pok&oacute;j w Medjugorje. Jednym z najcenniejszych zabytk&oacute;w Sarajewa jest znajdujący monumentalny meczet Begova džanija, uznawany za najważniejszy meczet w całej Bośni i Hercegowinie. Warto zobaczyć pochodzącą z przełomu XVI i XVII wieku wieżę zegarową Sahat kula, Cerkiew św. Archanioła Michała i Gabriela, XVI wieczny Targ Ba&scaron;čar&scaron;ijski, budynek Starego Ratusza, rzymskokatolicką Katedrę Serca Jezusowego, usytuowaną w sercu Gł&oacute;wnego Rynku fontannę (sebilj), XVI wieczny meczet Ferhadija džanija oraz zabytkową muzułmańską szkołę religijną Medresa Seldžukija. Mostar uważany jest za centrum kulturalne oraz nieoficjalną stolicę Hercegowiny. Obecnie wąskie kamienne uliczki, stare tureckie domy, meczety oraz pieczołowicie odbudowany i otworzony w 2004 roku Stary Most, przyciągają każdego roku rzesze turyst&oacute;w. Mostar stanowi także istną mieszankę kulturową, gdzie mieszkają przedstawiciele czterech wyznań: katolicy, prawosławni, muzułmanie i wyznawcy judaizmu. W 2005 roku Stary Most wraz z zabytkową okolicą wpisane zostały na Listę Światowego Dziedzictwa UNESCO.</p>\r\n<p>4 Zwiedzanie Hercegowiny (G&oacute;ra Objawień, G&oacute;ra Krzyży, wodospady Kravica, miasteczko Pocitelj). Medjugorie to miasto w całości zamieszkane przez Chorwat&oacute;w. Od czerwca 1981 roku, kiedy to na okolicznym Wzg&oacute;rzu Podbrdo sześcioro miejscowych dzieci miało pierwsze objawienia, dzieją się tu rzeczy wyjątkowe. Liczni pielgrzymi utrzymują, że od tamtej pory Matka Boża kontaktuje się z widzącymi. Serce całego sanktuarium i miejsce modlitw stanowi kości&oacute;ł św. Jakuba Apostoła (Crkva Sv. Jakova). Ponadto w skład całego kompleksu wchodzi także Wzg&oacute;rze Podbrdo (miejsce pierwszego objawienia) oraz g&oacute;rująca nad miastem G&oacute;ra Križevac (520 metr&oacute;w n.p.m.). Počitelj to zabytkowe miasto w Hercegowinie. Do najważniejszych zabytk&oacute;w zaliczyć można m in. XVII wieczną wieżę zegarową (Sahat kula), budynek dawnej szkoły kanonicznej (medresa), konak kapitan&oacute;w Počitelja, wybudowany w 1563 roku meczet Hadżi-Alii oraz g&oacute;rujące nad miastem ruiny tureckiego zamku. Kravica to zesp&oacute;ł niezwykle malowniczych wodospad&oacute;w, kt&oacute;re położone są pośr&oacute;d las&oacute;w na rzece Trebižat. Niezliczona ilość kaskad rozlokowana jest na blisko 120 metrach i tworzy \"naturalny amfiteatr, gdzie krystalicznie czysta woda spada do niewielkiego turkusowego zbiornika wodnego w kt&oacute;rym chętnie chłodzą się rozgrzani gorącym słońcem Bałkan&oacute;w turyści. Kravica uważane są za jedne z najpiękniejszych i najbardziej spektakularnych wodospad&oacute;w jakie spotkać można na terenie całej Bośni i Hercegowiny.</p>\r\n<p>5 Przejazd do Neum.</p>\r\n<p>6 Wyjazd na Chorwację do twierdzy Ston oraz arboretum dendrologicznego w miejscowości Trsteno. Ston to chorwackie miasto do kt&oacute;rego przyciągają turyst&oacute;w imponujące mury obronne. Obwarowania te uważane za jedne z najdłuższych w Europie i bywają nazywane \"Wielkim Europejskim Murem Chińskim\". W swoim obecnym kształcie fortyfikacje okalające Ston powstały w okresie średniowiecza. Do czas&oacute;w obecnych zachowało się tu blisko 5 km mur&oacute;w obronnych i ruiny dawnych bastion&oacute;w. Arboretum Trsteno to jedyny ogr&oacute;d dendrologiczny na chorwackim wybrzeżu Adriatyku. Znane jest z pięknych park&oacute;w oraz zbioru śr&oacute;dziemnomorskich i egzotycznych gatunk&oacute;w roślin. Arboretum znajduje się pod całkowitą ochroną jako pomnik architektury ogrodowej. Całość to 28 hektar&oacute;w podzielonych na kilka części: historyczny renesansowy park z willą letnią, ogr&oacute;d z przełomu XIX i XX wieku, gaj oliwny oraz naturalna leśna roślinność złożona gł&oacute;wnie z dębu omszonego, sosny aklepskiej, a także drzew z rodziny cyprysowatych, roślinności makii i skalistych wybrzeży. Jest to jeden z plener&oacute;w najsłynniejszego serialu fantasy &bdquo;Gra o tron&rdquo;.</p>\r\n<p>7 Dzień poświęcony na gry i zabawy na świeżym powietrzu z wykorzystaniem bazy sportowo-rekreacyjnej hotelu; pobyt nad morzem. Nocleg na Riwierze Czarnog&oacute;rskiej.</p>\r\n<p>8 Wyjazd w drogę powrotną do Polski.</p>\r\n<p>9 Przyjazd do Rzeszowa ok. 12.00.</p>\r\n<p>&nbsp;</p>',0,NULL,0,NULL,0,'images/megjugorie_AdobeStock_159024119_Preview.jpeg'),(10,'Włochy. Trasa św. Franciszka','pilgrimage','Padwa; Bolonia; Florencja; Siena; Arezzo; La Verna; Gubbio; Peruggia; Asyż; Spoleto; Rzym; Loreto; San Marino; Wenecja; Székesfehérvár','10 dni','krótki opis, max 200 znaków','<p>1 Zbi&oacute;rka w wyznaczonym miejscu o godz. 3.00. Przejazd przez Polskę, Czechy, Austrię do hotelu w okolicach Padwy.</p>\r\n<p>2 Zwiedzanie Padwy z Bazyliką św. Antoniego. Przejazd do Bolonii: katedra, Bazylika San Petronio, kości&oacute;ł św. Franciszka. Przejazd na nocleg w okolicach Florencji.</p>\r\n<p>3 Zwiedzanie Florencji: kości&oacute;ł Santa Croce, katedra, baptysterium. Przejazd do Sieny: katedra, Piazza del Campo, ratusz, kości&oacute;ł św. Dominika. Przejazd do Arezzo: kości&oacute;ł Santa Maria della Pieve, gotycka katedra.</p>\r\n<p>4 Przejazd do La Verny : pobyt w Sanktuarium Stygmat&oacute;w św. Franciszka. Przejazd do Gubbio: kości&oacute;ł św. Franciszka, Palazzo dei Consoli. Przejazd do Peruggi: kości&oacute;ł św. Piotra i św. Dominika, Palazza dei Priori.</p>\r\n<p>5 Przejazd do Asyżu : Bazylika św. Franciszka, kości&oacute;ł św. Klary, dom św. Franciszka, S. Maria degli Angeli. Przejazd do Spoleto : katedra i pozostałości rzymskich mur&oacute;w Porta Della Fuga. Przejazd na nocleg k. Rzymu.</p>\r\n<p>6 Przejazd metrem na zwiedzanie Rzymu: Zamek Św. Anioła, Piazza Navona z fontanną &bdquo;Czterech Rzek&rdquo; Berniniego, Plac Hiszpański oraz Schody Hiszpańskie, Fontanna di Trevi, Panteon,. Plac Wenecki, Kapitol, Forum Romanum, Wzg&oacute;rze Palatyńskie, Koloseum.</p>\r\n<p>7 Przejazd metrem na c.d. zwiedzania Rzymu: Watykan i Bazylika św. Piotra, nawiedzenie grobu Papieża Jana Pawła II, Bazyliki: św. Pawła za Murami oraz św. Jana na Lateranie. Przejazd do Loreto: sanktuarium Santa Casa z nazaretańskim domkiem Maryi.</p>\r\n<p>8 Przejazd do San Marino: katedra św. Marino, zamek la Rocca o Guaita. Przejazd do Wenecji. Popołudniowe i wieczorne zwiedzanie Wenecji: Plac i Bazylika św. Marka.</p>\r\n<p>9 Przejazd przez Włochy, Słowenię, Węgry z postojem w Sz&eacute;kesfeh&eacute;rv&aacute;r: klasztor franciszkański, katedra św. Stefana, zamek Boryego oraz obiadokolacja. Kontynuacja podr&oacute;ży przez Słowację (nocny przejazd).</p>\r\n<p>10 Przyjazd na miejsce zbi&oacute;rki we wczesnych godzinach porannych.</p>\r\n<p>&nbsp;</p>',1,0,0,NULL,0,'images/assisi_AdobeStock_241831752_Preview.jpeg'),(11,'Włochy. Trasa św. Benedykta','pilgrimage','Kahlenberg; Göttweig; Melk; Sabiona; San Benedetto Po; Modena; Parma; Genua; Cervara; Piza; Florencja; Vallombrosa; Monte Olivetto Maggiore; Montalcino; Farfa; Subiaco; Rzym; Monte Cassino; Ferrara; Padwa; Wenecja','10 dni','krótki opis','<p>1 Zbi&oacute;rka uczestnik&oacute;w ok. 3.00; przejazd na wzg&oacute;rza Kahlenberg: podziwianie panoramy Wiednia, wizyta w kościele św. J&oacute;zefa. Przejazd na zwiedzanie opactwa G&ouml;ttweig . Przejazd na zwiedzanie opactwa Melk. Przejazd do p&oacute;łn. Włoch na trasie Melk-Salzburg-Innsbruck. Nocleg w okolicach Ortisei St. Ulrich.</p>\r\n<p>2 Przejazd do opactwa Sabiona/S&auml;ben (Chiusa Klausen) i zwiedzanie opactwa. Przejazd na zwiedzanie miasta i opactwa San Benedetto Po. Przejazd do Modeny: zwiedzanie kościoła św. Piotra oraz modeńskiej star&oacute;wki. Przejazd do Parmy: zwiedzanie Parmy z kościołem San Giovanni Evangelista. Nocleg w Parmie.</p>\r\n<p>3 Przejazd z Parmy do Portofino przez Piacenzę i Genuę (godzinny post&oacute;j w Genui. Zwiedzanie opactwa Cervara. Przejazd z Portofino do Pizy: zwiedzanie Pizy wraz z opactwem San Zeno. Zakwaterowanie w hotelu w Pizie.</p>\r\n<p>4 Przejazd z Pizy do Florencji: zwiedzanie Florencji wraz z opactwami Santi Angelli oraz San Miniato al Monte (najstarszy kości&oacute;ł we Florencji). Przejazd do opactwa Vallombrosa. Przejazd do Monte Olivetto Maggiore.</p>\r\n<p>5 Zwiedzanie opactwa Monte Olivetto Maggiore. przejazd do Montalcino: zwiedzanie opactwa. Przejazd do opactwa Farfa k. Rzymu. Przejazd do Subiaco: zwiedzanie opactwa. Przejazd na nocleg do Fiuggi.</p>\r\n<p>6 Przejazd z Fiuggi do stacji metra. Przejazd metrem do bazyliki św. Piotra. Zwiedzanie Rzymu: Zamek Św. Anioła, Piazza Navona z fontanną &bdquo;Czterech Rzek&rdquo; Berniniego, Plac Hiszpański wraz z fontanną Barcaccia oraz Schody Hiszpańskie, Fontanna di Trevi, Panteon,. Plac Wenecki, Kapitol, Forum Romanum, Wzg&oacute;rze Palatyńskie, Koloseum.</p>\r\n<p>7 Przejazd z Fiuggi do stacji metra. Przejazd metrem do bazyliki św. Piotra. Zwiedzanie Rzymu: Watykan i Bazylika Św. Piotra , nawiedzenie grobu Papieża Jana Pawła II, Bazyliki: św. Pawła za Murami oraz św. Jana na Lateranie. Przejazd na nocleg w okolicach Monte Cassino .</p>\r\n<p>8 Przejazd do Ferrary: zwiedzanie miasta oraz opactwa San Antonio in Polesine. Przejazd do Padwy i zwiedzanie bazyliki św. Antoniego oraz benedyktyńskiej świątyni p.w. Św. Justyny.</p>\r\n<p>9 Przejazd do Wenecji. Zwiedzanie z uwzględnieniem opactw San Giorgio oraz San Michele Murano. Jazda nocna do Polski</p>\r\n<p>10 Przyjazd na miejsce zbi&oacute;rki wyjazdowej w godzinach wieczornych</p>',0,NULL,0,NULL,0,'images/firenze_AdobeStock_52273804_Preview.jpeg'),(12,'Włochy. Trasa Stygmatyków','pilgrimage','Padwa; Mantua; Florencja; Siena; Cortona; Asyż; Foligno; Montefalco; Cascia; Cascata Delle Marmore; Narni; Rzym; San Giovanni Rotondo; Monte Sant’ Angelo; Rimini; San Marino','10 dni','krótki opis','<p>1 Zbi&oacute;rka o godz. 3.00. Wyjazd o 3.30. Przejazd przez Polskę, Czechy, Austrię do hotelu w okolicach Padwy.</p>\r\n<p>2 Zwiedzanie Padwy z Bazyliką św. Antoniego i kościołem św. Justyny. Przejazd do Mantui , miasta bł. Hosanny: Pałac Książęcy, Katedra św. Piotra. Przejazd na nocleg w okolicach Florencji.</p>\r\n<p>3 Zwiedzanie Florencji, miasta związanego z działalnością m.in. św. Katarzyny del Ricci, Marii Magdaleny de Pazzi, św. Filip Neri: kości&oacute;ł Santa Croce, katedra, baptysterium. Przejazd do Sieny (św. Katarzyna ze Sieny): katedra, Piazza del Campo, ratusz, kości&oacute;ł św. Dominika. Przejazd do Cortony (św. Małgorzata z Kortony): twierdza Medyceuszy, katedra Santa Maria, XIV-wieczny kości&oacute;ł San Domenico.</p>\r\n<p>4 Przejazd do Asyżu: Bazylika św. Franciszka, kości&oacute;ł św. Klary, dom św. Franciszka, S. Maria degli Angeli, światynia Minerwy. Przejazd do Foligno (św. Aniela): katedra San Feliciano, opactwo Sassovivo. Przejazd do Montefalco (św. Klara z Montefalco): muzeum św. Franciszka, Porta Sant&rsquo; Agostino, XII-wieczny kości&oacute;ł św. Łucji. Przejazd na nocleg w okolicach Spoleto.</p>\r\n<p>5 Przejazd do Casci (św. Rita z Casci): wizyta w sanktuarium św. Rity. Przejazd do wodospad&oacute;w Cascata delle Marmore . Przejazd do Narni (św. Łucja z Narni): katedra, Palazzo del Podesta. Przejazd na nocleg k. Rzymu.</p>\r\n<p>6 Przejazd metrem na zwiedzanie Rzymu: Zamek Św. Anioła, Piazza Navona z fontanną &bdquo;Czterech Rzek&rdquo; Berniniego, Plac Hiszpański oraz Schody Hiszpańskie, Fontanna di Trevi, Panteon, Plac Wenecki, Kapitol, Forum Romanum, Wzg&oacute;rze Palatyńskie, Koloseum.</p>\r\n<p>7 Przejazd metrem na c.d. zwiedzania Rzymu: Watykan i Bazylika św. Piotra, nawiedzenie grobu Papieża Jana Pawła II, Bazyliki: św. Pawła za Murami oraz św. Jana na Lateranie. Przejazd do San Giovanni Rotondo.</p>\r\n<p>8 Pobyt w San Giovanni Rotondo : kości&oacute;ł Santa Maria delle Grazie, kości&oacute;ł św. Ojca Pio. Przejazd do Monte Sant&rsquo; Angleo: Sanktuarium św. Michała Archanioła. Przejazd na nocleg w okolicach Rimini.</p>\r\n<p>9 Zwiedzanie Rimini (bł. Klara z Rimini): Most Tyberiusza, katedra św. Kolombana. Ew. wizyta w San Marino: katedra św. Marino, zamek la Rocca o Guaita. Przejazd powrotny do Polski (nocny przejazd).</p>\r\n<p>10 Przyjazd na miejsce zbi&oacute;rki wyjazdowej w godzinach popołudniowych.</p>\r\n<p>&nbsp;</p>\r\n<p>&nbsp;</p>',0,NULL,1,2,0,'images/vatican_AdobeStock_120763910_Preview.jpeg'),(13,'Włochy. Trasa świętych z Sycylii','pilgrimage','Padwa; Tindari; Etna; Alcantara; Taormina; Noto; Syrakuzy; Katania; Palermo; Cefalu; Wyspy Liparyjskie; Wencja','10 dni','krótki opis','<p>1 Zbi&oacute;rka o godz. 3.00. Wyjazd o 3.30. Przejazd przez Polskę, Czechy, Austrię do hotelu w Padwie.</p>\r\n<p>2 Zwiedzanie Padwy z Bazyliką św. Antoniego i kościołem św. Justyny. Przejazd w kierunku na Sycylię. Przejazd nocny do Villa San Giovanni w Kalabrii.</p>\r\n<p>3 Przeprawa promowa Villa San Giovanni-Messyna. Przejazd do Tindari [starożytne Tyndaris]: sanktuarium Czarnej Madonny, teatr grecki i mury miejskie z IV i III w p.n.e., widok na Laguny Tindari i Wyspy Liparyjskie. Przejazd do hotelu, zakwaterowanie i obiad. Relaks w hotelu, kolacja i nocleg.</p>\r\n<p>4 Przejazd na Etnę, wyjazd na wys. ok. 1 800 m. n.p.m. (z opcją wyjazdu busami terenowymi w pobliże gł&oacute;wnego krateru; dodatkowo ok. 75&euro;). Przejazd do kanionu rzeki Alcantara. Przejazd do Taorminy, związanej z działalnością św. Pankracego: wizyta w teatrze antycznym (najpiękniejszy starożytny teatr grecki we Włoszech).</p>\r\n<p>5 Przejazd do Noto , stolicy baroku sycylijskiego. Przejazd do Syrakuz ; miasta św. Łucji i św. Marcjana: Sanktuarium Matki Bożej Płaczącej, Park Archeologiczny z największym na Sycylii teatrem, kamieniołomy z grotą &bdquo;Ucho Dionizjusza&rdquo;, star&oacute;wka na wysepce Ortigia. Przejazd do Katanii, miasta św. Agaty, św. Leona i św. Barillo: zabudowa z kamienia wulkanicznego, katedra św. Agaty.</p>\r\n<p>6 Przejazd na Montepellegrino do sanktuarium św. Rozalii. Dalsze zwiedzanie Palermo , miasta św. Oliwii i św. Rozalii: katedra, Pałac Norman&oacute;w, Porta Nuova, Plac Wstydu, Porta Felice. Przejazd do Cefalu z XII-wieczna katedrą.</p>\r\n<p>7 Całodzienny wypoczynek, (dla chętnych rejs na Wyspy Liparyjskie; dodatkowo płatny na miejscu).</p>\r\n<p>8 Wykwaterowanie i przejazd do Messyny. Przeprawa promowa Messyna-Villa San Giovanni. Przejazd w okolice Wenecji.</p>\r\n<p>9 Zwiedzanie Wenecji: bazylika św. Marka, opactwa San Giorgio oraz San Michele Murano. Przejazd powrotny do Polski (nocny przejazd).</p>\r\n<p>10 Przyjazd na miejsce zbi&oacute;rki wyjazdowej w godzinach wieczornych.</p>',0,NULL,0,NULL,0,'images/syrakuzy_AdobeStock_181169486_Preview.jpeg'),(14,'Austria, Węgry. Sanktuaria i opactwa','pilgrimage','Velehrad; Kahlenberg; Göttweig; Melk; Maria Taferl; Mariazell; Andocs; Szekesfehervar; Veszprem; Györ; Pannonhalma; Esztergom','4 dni','krótki opis','<p>1 Zbi&oacute;rka uczestnik&oacute;w ok. 3.00. Przejazd do Velehradu, czeskiego miejsca pielgrzymek; stąd szerzyło się chrześcijaństwo głoszone przez Cyryla i Metodego. Jan Paweł II w 1985 wyr&oacute;żnił bazylikę prestiżową Złotą R&oacute;żą. Przejazd do Josefsdorf am Kahlenberg: podziwianie panoramy Wiednia ze wzg&oacute;rza Kahlenberg z kt&oacute;rego Jan III Sobieski dowodził swoimi oddziałami podczas &bdquo;Odsieczy Wiedeńskiej&rdquo;; wizyta w kościele św. J&oacute;zefa. Przejazd do opactwa G&ouml;ttweig: zwiedzanie opactwa. Nocleg w okolicach Sankt P&ouml;lten.</p>\r\n<p>2 Przejazd do opactwa Melk : zwiedzanie jednego z największych barokowych zespoł&oacute;w sakralnych w Europie, uznawanego za najpiękniejszy przykład baroku w Austrii. Przejazd do Maria Taferl: Sanktuarium Matki Boskiej Bolesnej. Przejazd do Mariazell: Sanktuarium Trzech Narod&oacute;w na wys. 860 m. n.p.m. z cudownym wizerunkiem Maryi trzymającej na kolanach Dzieciątko Jezus. Zakwaterowanie w hotelu w okolicach Mariazell.</p>\r\n<p>3 Przejazd do Andocs: sanktuarium z cudowna figurą Matki Boskiej. Przejazd do Szekesfehervar , pierwszej stolicy Wegier: pozostałości pałacu Gezy, Mauzoleum św. Stefana. Przejazd do Veszprem: wzg&oacute;rze zamkowe, Pałac Biskupi, katedra św. Michała. Nocleg w okolicach Gy&ouml;r.</p>\r\n<p>4 Przejazd do Pannonhalma, na Świętą G&oacute;rę Panonii: opactwo benedyktyn&oacute;w z X wieku. Przejazd do Esztergom, miejsca narodzin Św. Stefana i koronacji kr&oacute;l&oacute;w węgierskich z największą bazylika na Węgrzech. Wyjazd do Polski. Powr&oacute;t w p&oacute;źnych godzinach wieczornych.</p>\r\n<p>&nbsp;</p>',0,NULL,0,NULL,0,'images/Mariazell_AdobeStock_193282718_Preview.jpeg'),(15,'Litwa, Łotwa. Sanktuaria','pilgrimage','Kowno; Szydłowo; Szawle; Góra Krzyży; Ryga; Skaitskalne; Agłon; Izvalta; Sarkany; Dyneburg; Wilno; Troki','6 dni','krótki opis','<p>1 Zbi&oacute;rka w wyznaczonym miejscu o godz. 3.00. Przejazd przez Polskę, Litwę do Kowna: zwiedzanie Starego Miasta: ruiny zamku u zbiegu Wilii i Niemna, ratusz zwany &bdquo;Białym Łabędziem&rdquo;, bazylika archikatedralna śś. Piotra i Pawła, Dom Perkuna, Muzeum Diabł&oacute;w, kości&oacute;ł Witoldowa, spacer Aleją Wolności, kości&oacute;ł św. Jerzego, klasztor bernardyn&oacute;w. Zakwaterowanie w hotelu w okolicach Kowna.</p>\r\n<p>2 Przejazd do Szydłowa (&Scaron;iluva): miejsce objawień Matki Bożej; kaplica z kamieniem na kt&oacute;rym odbite są ślady st&oacute;p Matki Bożej. Przejazd do Szawli (&Scaron;iauliai): wizyta w katedrze pw. Św. Piotra i Pawła; w jednej z największych budowli sakralnych na Litwie. Przejazd na G&oacute;rę Krzyży . Przejazd na nocleg w okolicach Rygi.</p>\r\n<p>3 Zwiedzanie Rygi : stare miasto, kości&oacute;ł św. Piotra, katedra ryska, Dom Bractwa Czarnogłowych, zesp&oacute;ł średniowiecznych kamieniczek &bdquo;Trzej Bracia&rdquo;, Mała i Wielka Gildia Kupiecka, zamek Kawaler&oacute;w Mieczowych. Przejazd do Skaitskalne: Sanktuarium Matki Bożej Opiekunki Rodzin. Przejazd do Agłonu (Aglona) : bazylika Wniebowzięcia Najświętszej Maryi Panny z cudownym obrazem. Zakwaterowanie w Domu Pielgrzyma.</p>\r\n<p>4 Przejazd do Izvalty: obraz Najświetszej Maryi Panny Matki Zbawiciela. Przejazd do Sarkan: kości&oacute;ł z cudownym obrazem Matki Bożej Ornatki. Przejazd do Dyneburga (Daugavpils): Dom Jedności, kości&oacute;ł św. Piotra z kopułą a la bazylika św. Piotra w Rzymie, kości&oacute;ł Niepokalanego Poczęcia NMP Przejazd na nocleg w Wilnie.</p>\r\n<p>5 Zwiedzanie Wilna: Ostra Brama, kości&oacute;ł św. Teresy, cerkiew prawosławna św. Ducha, klasztor bazylian&oacute;w, plac ratuszowy, kości&oacute;ł św. Kazimierza, Uniwersytet Wileński, gotycki kości&oacute;ł św. Anny, dom-muzeum Adama Mickiewicza, wejście na G&oacute;rę Giedymina (dla chętnych wjazd kolejką), cmentarz na Rossie, kości&oacute;ł Piotra i Pawła na Antokolu, katedra wileńska z kr&oacute;lewskimi grobami i Kaplicą Kr&oacute;lewską św. Kazimierza.</p>\r\n<p>6 Przejazd do Trok (Trakai): -zwiedzanie gotyckiego zamku księcia Witolda na wyspie, degustacja potraw karaimskich, rejs taks&oacute;wką wodną wok&oacute;ł zamku. Powr&oacute;t do kraju w p&oacute;źnych godzinach wieczornych.</p>\r\n<p>&nbsp;</p>',0,NULL,0,NULL,0,'images/ryga_AdobeStock_182162124_Preview.jpeg'),(16,'Dania, Szwecja, Kopenhaga, Malmö','for_work','Licheń; Szczecin; Świnoujście; Ystad; Kopenhaga; Roskilde; Hillerød; Fredensborg; Helsingør; Malmö; Lund; Wielkopolska, Zachodniopomorskie; Szwecja; Dania; Bałtyk; Skania; Zelandia; Öresund; Skandynawia; Kraje Bałtyckie; Wycieczka autokarowa; Prom','6 dni (3 noclegi HB + 2 noclegi na promie)','Wycieczka do Danii i Szwecji Południowej połączona z nocną przeprawą promową. Podczas wyjazdu zobaczymy najważniejsze dzieła architektury zachodnioskandynawskiej.','<b>1.</b> Wyjazd z Rzeszowa ok. 6:00. Przejazd do <strong>Lichenia</strong>. Pobyt w sanktuarium, obiadokolacja i nocleg. \r\n<b>2.</b> Śniadanie, wykwaterowanie. Przejazd do <strong>Szczecina</strong> – zwiedzanie miasta, obiadokolacja. Przejazd do <strong>Świnoujścia</strong>, zaokrętowanie, rejs nocny do Ystad. \r\n<b>3.</b> Przejazd z Ystad do <strong>Kopenhagi</strong>: pałac Amalienborg – jeden z najwspanialszych przykładów rokokowej architektury Danii, strzeżony przez ubranych w futrzane czapy gwardzistów, pałac Christiansborg – siedziba parlamentu, pomnik Hansa Christiana Andersena, fontanna Gefion – największa fontanna Kopenhagi, stary port miejski Nyhavn – jeden z bardziej malowniczych zakątków centrum Kopenhagi, najsłynniejszy duński pomnik: Mała Syrenka. Przyjazd do hotelu. \r\n<b>4.</b> Przejazd do <strong>Roskilde</strong> – miasta założonego w X w. przez wikingów, pierwszej stolicy Danii, która urzeka malowniczymi zaułkami i sąsiedztwem pięknej zatoki. Zwiedzanie katedry z XII w. z mauzoleum duńskich monarchów (UNESCO). Przejazd do <strong>Hillerød</strong>. Zwiedzanie zamku Frederiksborg, pięknie położonej renesansowej rezydencji królewskiej z rozległymi ogrodami, wzniesionej na trzech wysepkach na jeziorze Slotssøen. Przejazd przez <strong>Fredensborg</strong>, gdzie znajduje się letnia rezydencja rodziny królewskiej do Helsingør ze słynnym zamkiem Kronborg (UNESCO), gdzie William Szekspir umieścił akcję swojego najsłynniejszego dramatu – „Hamleta”. Powrót do hotelu. \r\n<b>5.</b> Wykwaterowanie; przejazd mostem nad <strong>Cieśniną Sund</strong> do Szwecji; spacer po starym mieście <strong>Malmö</strong> otoczonym kanałem: ratusz, statua konna Karola X, fontanna, kościół św. Piotra, kaplica kupiecka, Lilla torg – plac z domami z muru pruskiego, rzeźba „rewolweru ze związana lufą” – symbol niechęci do przemocy. Przejazd do Lund, jednego z najstarszych miast uniwersyteckich Szwecji, z wąskimi uliczkami i budynkami z różnych epok; rejs nocny z Ystad do Świnoujścia. \r\n<b>6.</b> Przejazd ze Świnoujścia do Rzeszowa. Powrót w godzinach wieczornych.',1,1,0,NULL,0,'images/kopenhagen_AdobeStock_226410281_Preview.jpeg'),(17,'Finlandia z Litwą, Łotwą i Estonią','for_work','Kowno; Troki; Wilno; Dyneburg; Tartu; Paide; Jägala; Pirita; Tallin; Helsinki; Tampere; Vanha Rauma; Turku; Ryga; Litwa; Łotwa; Kraje Bałtyckie; Auksztota; Wileńszczyzna; Dorpat; Estonia; Niemen; Karaimi; Łatgalia; Dźwina; Kurlandia; Inflanty; Biały Kamień; Zatoka Tallińska; Finlandia; Zatoka Fińska; Uusimaa; Pirkanmaa; Ostra Brama; Daugavpils; Stara Rauma; Abo; Zatoka Ryska; Skandynawia;','9 dni. 6 noclegów w hotelach 3*/4*, 1 nocleg w autokarze','Wyprawa do Finlandii, kraju jezior, lasów oraz subtelnie wkomponowanej w nie architektury. Po drodze zobaczymy najważniejsze zabytki Litwy, Łotwy i Estonii.','<b>1.</b> Przejazd do <strong>Kowna</strong>: ruiny zamku u zbiegu Wilii i Niemna, ratusz zw. „Białym Łabędziem”, bazylika śś. Piotra i Pawła, Dom Perkuna, Muzeum Diabłów, kościół Witolda, kościół św. Jerzego, klasztor bernardynów. Przejazd do Trok: zwiedzanie gotyckiego zamku księcia Witolda na wyspie, ewentualnie rejs taksówką wodną wokół zamku. Przejazd do Wilna. \r\n<b>2.</b> Zwiedzanie <strong>Wilna</strong>: Ostra Brama, kościół św. Teresy, klasztor bazylianów, plac ratuszowy, kościół św. Kazimierza, Uniwersytet Wileński, kościół św. Anny, dom-muzeum Adama Mickiewicza, cmentarz na Rossie, katedra wileńska z królewskimi grobami. \r\n<b>3.</b> Przejazd do <strong>Dyneburga</strong> (Daugavpils): Dom Jedności, kościół św. Piotra z kopułą a la bazylika św. Piotra w Rzymie, kościół Niepokalanego Poczęcia NMP. Przejazd do Tartu (dawny Dorpat). \r\n<b>4.</b> Zwiedzanie <strong>Tartu</strong>: Stare Miasto, Pałac Ratuszowy, „Krzywy Dom z Tartu”, most Kaarsild, park na wzgórzu Tooemägi z ruinami Katedry śś. Piotra i Pawła, gmach Uniwersytetu Dorpackiego, XIV-wieczny kościół św. Jana. Przejazd do <strong>Paide</strong>: miasteczko z pozostałościami zamku krzyżackiego. Przejazd do <strong>Jägala</strong> : spacer nad wodospad. Przejazd do <strong>Pirita</strong>: zwiedzanie klasztoru św. Brygidy, ruiny kościoła klasztornego. Przejazd do <strong>Tallina</strong>. \r\n<b>5.</b> Przejazd do portu promowego. Rejs promem do <strong>Helsinek</strong>. Zwiedzanie Helsinek : Plac Senacki z monumentalną katedrą luterańską, Pałac Prezydencki, gmach Uniwersytetu Helsińskiego, Sobór Uspienski z bogatym ikonostasem, stadion olimpijski i kościół w skale. Przejazd do Tampere: krótki postój połączony ze zwiedzaniem „fińskiego Manchesteru” ze zrewitalizowanym krajobrazem przemysłowym. Przejazd na nocleg do Rauma. Ewentualnie wieczorny spacer nad morzem. \r\n<b>6.</b> Zwiedzanie <strong>Vanha Rauma</strong> – najlepiej zachowana starówka w krajach nordyckich, zespół drewnianej zabudowy [UNESCO]. Przejazd do dawnej stolicy Finlandii <strong>Turku</strong> : zamek i katedra. Przejazd na prom do Helsinek. Rejs promem do Tallina. \r\n<b>7.</b> Zwiedzanie <strong>Tallina</strong>: Wzgórze Toompea, Parlament, Cerkiew Aleksandra Newskiego, katedra NMP, średniowieczne obwarowania miejskie z basztami, rynek Starego Miasta, ratusz, Dom Bractwa Czarnogłowych, Wielka Gildia Kupiecka. Przejazd do Rygi. \r\n<b>8.</b> Zwiedzanie <strong>Rygi</strong>: stare miasto, kościół św. Piotra, katedra ryska, zespół średniowiecznych kamieniczek, Mała i Wielka Gildia Kupiecka, zamek Kawalerów Mieczowych. Przejazd przez Łotwę, Litwę i Polskę (jazda nocna). \r\n<b>9.</b> Przyjazd na miejsce zbiórki we wczesnych godzinach porannych.',0,NULL,0,NULL,0,'images/finland_AdobeStock_185031594_Preview.jpeg'),(18,'Wielka Brytania. Londyn samolotem','for_work','Greenwich; Maritime Museum & Observatory; Westminster Abbey; Houses Of Parliament; Buckingham Palace; National Gallery; Tower Of London; Madame Tussaud; Natural History Musem; Science Museum; Hyde Park; British Museum; Wielka Brytania; Anglia; Londyn; Tamiza; Samolot; Wycieczka Lotnicza','5 dni','Wycieczka lotnicza do serca kultury anglosaskiej, gdzie najpełniej poznamy miejsca znane z podręczników do języka angielskiego. I wraz z tysiącami turystów z całego świata skosztujemy angielskiej herbatki.','<b>1.</b> Zbiórka na wyznaczonym lotnisku. Odprawa biletowo-bagażowa, odprawa bezpieczeństwa. Wylot do <strong>Londynu</strong>. Przylot. Transfer z lotniska do centrum i przejazd do hotelu. Przepłynięcie statkiem po Tamizie do <strong>Greenwich</strong>, <strong>Maritime Museum & Royal Observatory</strong>. Przejście tunelem pod Tamizą, przejazd kolejką <strong>Docklands Light Railway</strong>. Zakwaterowanie w hotelu. \r\n<b>2.</b> Śniadanie. Zwiedzanie: <strong>Westminster Abbey</strong>, <strong>Houses of Parliament</strong>, <strong>Downing Street</strong>, zmiana warty przed <strong>Buckingham Palace</strong>, <strong>Trafalgar Square</strong>, <strong>National Gallery</strong>, <strong>Piccadily Circus</strong>, <strong>Leicester Square</strong>, <strong>London Eye</strong>. \r\n<b>3.</b> Zwiedzanie <strong>Tower of London</strong>, <strong>Tower Bridge</strong> , <strong>St. Pauls Cathedral</strong> (krypty i galeria szeptów). Spacer: Millenium Bridge, The Globe, Tate Modern. Zwiedzanie: Madame Tussaud. \r\n<b>4.</b> Śniadanie. Zwiedzanie <strong>Natural History Musem</strong> i <strong>Science Museum</strong>. Spacer po Hyde Park. Czas wolny na Oxford Street. Obiadokolacja i nocleg. \r\n<b>5.</b> Śniadanie. Zwiedzanie <strong>British Museum</strong> lub czas wolny. Przejazd na lotnisko i wylot do Polski. Przylot do Polski.',1,0,0,NULL,0,'images/london_AdobeStock_204954724_Preview_febOVl8.jpeg'),(19,'Włochy rodzinnie','for_work','Asyż; Terni; Umbria; Cascata Delle Marmore; Monte Cassino; Opactwo Benedyktyńskie; Cmentarz Polski;Watykan; Bazylika Św. Piotra; Rzym; Bazylika Św. Jana; Lateran; Koloseum; Forum Romanum; Torvaianica; Zoomarine; Włochy; Lacjum; Św. Franciszek; Fiuggi; Wodospady Marmurowe; Wycieczka Autokarowa; Wyjazd Rodzinny','6 dni (3 HB)','Kilkudniowy wypad do Włoch dedykowany przede wszystkim dla rodzin z dziećmi. Podczas wyjazdu będzie można podziwiać najważniejsze budowle antycznego i średniowiecznego świata, a także odpocząć w jednym z włoskich parków rozrywki.','<b>1.</b> Zbiórka w wyznaczonym miejscu. Godz. 15.00 - wyjazd do Włoch. \r\n<b>2.</b> Przyjazd do <strong>Asyżu</strong>: Bazylika Matki Bożej Anielskiej z Porcjunkulą i Ogrodem Różanym; Bazylika św. Franciszka oraz spacer po średniowiecznym mieście. Przejazd do hotelu k. Asyżu. \r\n<b>3.</b> Przejazd do miejscowości <strong>Terni</strong>: wstęp na cud architektury antycznej tzw. Cascata delle Marmore (Wodospady Marmurowe). Przejazd na <strong>Monte Cassino</strong>: wizyta w najważniejszym opactwie benedyktyńskim oraz na Cmentarzu Polskim. Przejazd w okolice Rzymu (Fiuggi). \r\n<b>4.</b> Zwiedzanie <strong>Watykanu</strong> z Bazyliką św. Piotra. Zwiedzanie <strong>Rzymu</strong> z licencjonowanym przewodnikiem polskojęzycznym wg programu dostosowanego do możliwości dzieci, m.in.: Koloseum, Forum Romanum, Piazza Venezia, Bazylika św. Jana na Lateranie, Święte Schody. \r\n<b>5.</b> Przejazd do miejscowości <strong>Torvaianica</strong>, gdzie znajduje się Zoomarine. ZOOMARINE to połączenie lunaparku, cyrku wodnego, akwarium, delfinarium i aquaparku. Do tego sklepy, kino 4D oraz spektakle z delfinami, fokami, ptakami wodnymi. Wyjazd wieczorem w drogę powrotną do Rzeszowa. Przejazd nocny przez Włochy. \r\n<b>6.</b> Przejazd dzienny przez Austrię, Czechy do Rzeszowa. Przyjazd na miejsce zbiórki popołudniu/wieczorem.',0,NULL,0,NULL,0,'images/roma_AdobeStock_120827506_Preview.jpeg'),(20,'Serbia, Macedonia','for_work','Serbia; Macedonia; Macedonia Północna; Skopje; Kanion Matka; Ohrid; Ochryda; Monastyr Św. Nauma; Św. Naum; Petrovaradin; Nowy Sad; Smederevo; Bitola; Jezioro Ochrydzkie; Jezioro Prespa; Monastyr Bigorski; Bałkany; Wardar; Dunaj; Sawa; Wojwodina; Jugosławia; Belgrad; Wycieczka Autokarowa','9 dni, w tym 6 noclegów ze śniadaniami i obiadokolacjami (HB) i 2 noce przejazdowe w autokarze','Wyprawa do Serbii i Macedonii Północnej, gdzie można dostrzec harmonijne przenikanie różnych tradycji, kultur i religii: od spuścizny starożytnego Rzymu i Grecji do pozostałości osmańskich, od monastyrów prawosławnych po muzułmańskie meczety.','<b>1.</b> Zbiórka ok. 19. Przejazd nocny przez Słowację, Węgry do Serbii. \r\n<b>2.</b> Przejazd do <strong>Nowego Sadu</strong>. Zwiedzanie twierdzy Petrovaradin. To druga pod względem wielkości twierdza w Europie nazywana „Naddunajskim Gibraltarem”. Przejazd do stolicy Serbii Belgradu. \r\n<b>3.</b> Przejazd do naddunajskiej twierdzy <strong>Smederevo</strong>. Przejazd do stolicy Macedonii Północnej Skopje. Ewentualny wieczorny spacer po centrum Skopje. \r\n<b>4.</b> Wykwaterowanie. Krótkie zwiedzanie <strong>Skopje</strong> z przewodnikiem. Przejazd do <strong>kanionu Matka</strong> koło Skopje. Macedoński raj — Kanion Matka — to magiczne miejsce, w którym człowiek zapomina się na chwilę. Po jednej i drugiej stronie pasma górskie z poukrywanymi monastyrami pamiętającymi czasy prześladowań tureckich. Na wysokości wody wiele malutkich chatek z zacumowanymi łódkami i rybakami na brzegu. Kanion kryje wiele niespodzianek, między innymi niedawno odkrytą najgłębszą podwodną jaskinię. Przejazd do Ohrid w Macedonii. \r\n<b>5.</b> Zwiedzanie <strong>Ohrid</strong> - miasta wpisanego na listę UNESCO z ruinami twierdzy cara Samuela I z XI wieku oraz starożytnym amfiteatrem. Rejs do Zatoki Kości ze zrekonstruowaną osadą z przełomu epoki brązu i żelaza, a następnie do monastyru św. Nauma. Jezioro Ochrydzkie jest najstarszym jeziorem w Europie i najgłębszym na całych Bałkanach. Na brzegach zachowało się wiele średniowiecznych zabytków, takich jak np. Klasztor św. Nauma. Jezioro Ochrydzkie wraz z leżącym nad nim miastem Ochryda zostało wpisane na listę światowego dziedzictwa UNESCO. \r\n<b>6-7.</b> Relaks i wypoczynek nad jeziorem. \r\n<b>8.</b> Wykwaterowanie, wyjazd w drogę powrotną (przejazd przez Macedonię, Serbię, Węgry i Słowację). Po drodze wizyta w <strong>monastyrze bigorskim św. Jana Chrzciciela</strong>. \r\n<b>9.</b> Powrót około południa.',0,NULL,0,NULL,0,'images/ohrid_AdobeStock_200794567_Preview.jpeg'),(21,'Włochy; Kalabria z Apulią','for_work','Asyż; Umbria; Św. Franciszek; Terni; Wodospady Marmurowe; Monte Cassino; Pompeje; Sibari; Corigliano Di Calabria; Rossano; Matera;Lecce; Alberobello; Bari; Trani; San Giovanni Rotondo; San Marino; Wycieczka Autokarowa; Włochy; Kalabria; Apulia; Bazylikata; San Marino; Ojciec Pio; Sassi; Basilicata; Trulli; Adriatyk','11 dni, w tym 8 noclegów ze śniadaniami i kolacjami i 2 noce przejazdowe w autokarze','Niesamowita podróż w głąb górzystej Kalabrii z jej zapierającymi dech w piersiach górskimi widokami, rozległymi piaszczystymi plażami i uroczymi miasteczkami, gdzie wciąż odczuwa się atmosferę średniowiecznego życia. Na trasie przejazdu znajdą się miejsca wpisane na listę UNESCO, takie jak Matera, czy ALBEROBELLO.','<b>1.</b> Zbiórka uczestników (g. 14.45), następnie wyjazd (g. 15.00.) Przejazd przez Czechy, Austrię do Włoch. \r\n<b>2.</b> Przyjazd do <strong>ASYŻU</strong>: Bazylika Matki Bożej Anielskiej z Porcjunkulą i Ogrodem Różanym; Bazylika św. Franciszka oraz spacer po średniowiecznym mieście. Przejazd do hotelu k. Asyżu. \r\n<b>3.</b> Przejazd do miejscowości <strong>TERNI</strong>: wstęp na cud architektury antycznej tzw. Cascata delle Marmore (Wodospady Marmurowe). Przejazd na <strong>MONTE CASSINO</strong>: wizyta w najważniejszym opactwie benedyktyńskim oraz na Cmentarzu Polskim. Przejazd w okolice <strong>Neapolu</strong>. \r\n<b>4.</b> Przejazd do <strong>POMPEJÓW</strong>; zwiedzanie antycznego miasta, które zostało zasypane przez popiół podczas ogromnej erupcji Wezuwiusza w I w. n.e. Przejazd do hotelu w okolicach <strong>SIBARI</strong>. \r\n<b>5.</b> Śniadanie. Wyjazd na wycieczkę po <strong>Kalabrii</strong>. Zwiedzanie stanowiska archeologicznego w <strong>SIBARI</strong>. Przejazd do <strong>CORIGLIANO DI CALABRIA</strong>. Zwiedzanie Castello Ducale di Corigliano. Przejazd do <strong>ROSSANO</strong> z XI-wieczną Katedrą Najświętszej Marii Acheiropity (od średniowiecza słynie jako miejsce kultu i pielgrzymek). Powrót do hotelu. \r\n<b>6-7.</b> Pobyt na terenie ośrodka rekreacyjno-wypoczynkowego. \r\n<b>8.</b> Przejazd do miejscowości <strong>MATERA</strong> (To niesamowite miasto wykute w skałach jest uważana za jedno z najstarszych miast świata. Matera słynna jest z Sassi obejmującej unikatowe domostwa i groty drążone w skałach i wąwozach, gdzie jeszcze do niedawna mieszkali ludzie. W 1993 wpisano na Listę UNESCO). Przejazd do <strong>LECCE</strong> (mekka miłośników sztuki barokowej i jedno z najpiękniejszych miast na południe od Rzymu. Historyczne centrum miasta zachwyci nas olbrzymią ilością barokowych kościołów, kamienic i pałaców. Z tego powodu Lecce określane jest przez Włochów mianem “Florencji południa”). \r\n<b>9.</b> Przejazd do <strong>ALBEROBELLO</strong> (miasteczko z listy UNESCO, z prawie półtora tysiąca malutkich domków zbudowanych na planie koła i zwieńczonych stożkowymi dachami, przypomina wioskę hobbitów, a innym wioskę smerfów) oraz do miasta św. Mikołaja i królowej Bony, tj. do BARI. Zwiedzanie starówki z przewodnikiem. Przejazd do <strong>TRANI</strong> (jedno z bardziej malowniczych nadmorskich miasteczek Apulii, zawdzięcza swoją sławę przepięknej, romańskiej XI-wiecznej Cattedrale di San Nicola Pellegrino. Katedra jest zbudowana z charakterystycznego tufu o różnych barwach od białego do różowego, które o zachodzie słońca przybierają ciepłych i fascynujących odcieni). Przyjazd do <strong>SAN GIOVANNI ROTONDO</strong> (sto lat temu była to jedna z najbiedniejszych miejscowości południowych Włoch. Dzisiaj wyrosło na tym miejscu duże miasto z grobem cudotwórcy Ojca Pio, z założonym przez niego, jednym z najlepszych ośrodków medycznych Włoch “Casa del Sollievo”, nową bazyliką zaprojektowaną przez Renzo Piano oraz monumentalną drogą krzyżową obok “starej” bazyliki). \r\n<b>10.</b> Wyjazd w drogę powrotną do Polski. Po drodze krótki postój w <strong>SAN MARINO</strong> (Początki San Marino sięgają 3 września 301 roku, gdy Święty Marinus uciekając przed prześladowaniami cesarza Dioklecjana, schronił się na szczycie Monte Titano i założył tam małą chrześcijańską wspólnotę. Przy dobrej widoczności i bezchmurnym niebie jest to doskonały punkt widokowy Apeninów z panoramą na Morze Adriatyckie oraz pobliskie Rimini). Przejazd nocny przez Austrię i Czechy. \r\n<b>11.</b> Powrót do Rzeszowa w godzinach porannych.',0,NULL,0,NULL,0,'images/matera_AdobeStock_58836913_Preview.jpeg'),(22,'Rumunia-Bułgaria','for_work','Alba Iulia; Bukareszt; Iwanowo; Wielkie Tyrnowo; Warna; Rumunia; Bułgaria; Morze Czarne; Dacja; Siedmiogród; Stara Płanina; Sofia; Serbia; Smederevo; Dunaj; Riła; Monastyr Rilski; Płowdiw; Nesebyr; Złote Piaski; Wycieczka Autokarowa','9 dni, w tym 6 noclegów ze śniadaniami i obiadokolacjami (HB) i 2 noce przejazdowe w autokarze','Prezentujemy dwa warianty wycieczki do Rumunii i Bułgarii. Obydwa harmonijnie łączą w sobie turystykę kulturową z elementami turystyki rekreacyjnej i wypoczynkowej, zapewniając niezapomniane doznania poznawcze.','WARIANT 1 zakładający przejazd przez Rumunię i Bułgarię do wypoczynkowych miejscowości w okolicach Warny.\r\n<b>1.</b> Zbiórka uczestników ok. 18. Przejazd nocny przez Słowację, Węgry. \r\n<b>2.</b> Przejazd dzienny przez <strong>Rumunię</strong> w kierunku stolicy. Po drodze krótki postój w <strong>Alba Iulii</strong>. Alba Iulia była rzymską osadą pn. Apulum, z czasem stała się stolicą rzymskiej Dacji. Do najważniejszych budowli należą m in. wybudowana na początku XVIII wieku potężna twierdza obronna - Alba Carolina (jeden z najlepiej zachowanych tego typu obiektów w Europie), XIII wieczna rzymskokatolicka Katedra św. Michała, wzniesiony na początku XX w. Sobór Koronacyjny oraz XVIII wieczna biblioteka Batthyaneum w której znajduje się niezwykle cenny zbiór rękopisów i starodruków pochodzących z VII-XV wieku. Wieczorne zwiedzanie <strong>Bukaresztu</strong>. Ze względu na bogatą eklektyczna architekturę, stanowiącą mieszankę wielu stylów w okresie między-wojennym Bukareszt nazywany był często \"Małym Paryżem\". Odwiedzając Bukareszt warto zobaczyć wybudowaną w latach 1656-1658 i będącą główną świątynią rumuńskiego Kościoła Prawosławnego - Katedrę Patriarchalną, XVIII wieczną Cerkiew Kretzulescu, wybudowany na początku XX wieku Pałac Creţulescu, okazały Łuk Triumfalny (Arcul de Triumf) oraz stanowiącą serce średniowiecznego Bukaresztu dzielnicę Lipscani z dawną siedzibą książąt Wołoszczyzny (Curtea Veche). \r\n<b>3.</b> Wyjazd w kierunku <strong>Bułgarii</strong>. Przejazd do <strong>Iwanowa</strong> i odwiedzenie skalnych cerkwi. Na wysokich skałach tworzących malownicze zakole rzeki usytuowany jest rozległy zespół wykutych w skałach monolitycznych kościołów, kaplic oraz klasztorów. Do czasów obecnych we wnętrzach świątyń zachowały się na ścianach oraz sklepieniach liczne średniowieczne freski. Obrazy te stanowią jeden z najwspanialszych zabytków bułgarskiego malowidła sakralnego. Główną świątynią całego kompleksu stanowi wykuta wysoko w skale cerkiew św. Bogurodzicy. Żeby się do niej dostać trzeba pokonać około 140 kamiennych stopni. W 1979 kompleks skalnych świątyń Iwanowie został wpisany na Listę UNESCO. Przejazd do <strong>Wielkiego Tyrnowa</strong>. Zwiedzanie miasta. W mieście Wielkie Tyrnowo zachowało się wiele niezwykle cennych zabytkowych budowli. Najważniejszym z nich są usytuowane na wzgórzu Carewec i otoczone murami rozległe ruiny średniowiecznego zamku i cerkwi. To właśnie tutaj niegdyś mieszkali mieszkali Carowie Bułgarii. Pozostałe warte obejrzenia zabytki Tyrnowa to m in. wzgórze Trapezica z ruinami 17 cerkwi i kaplic grobowych, majestatyczna katedra Narodzenia Bogurodzicy, XII wieczna cerkiew św. Dymitra, imponujący dom Sarafkina, kościół św. Konstantyna i Heleny. Przejazd do hotelu w okolicach miasta Warna. \r\n<b>4-6.</b> Pobyt dzień 1-3, nocleg nr 3-5.\r\n<b>7.</b> Przejazd do <strong>Sofii</strong>. Zwiedzanie. Zakwaterowanie w hotelu, obiadokolacja i nocleg. \r\n<b>8.</b> Wyjazd w drogę powrotną. \r\n<b>9.</b> Przyjazd do Rzeszowa w godzinach porannych. \r\nWARIANT 2 zakładający przejazd przez Serbię i w większym stopniu pozwalający na spenetrowanie zabytków architektury bułgarskiej:\r\n<b>1.</b> Zbiórka uczestników ok. 18. Przejazd nocny przez Słowację, Węgry. \r\n<b>2.</b> Przejazd dzienny przez <strong>Serbię</strong> w kierunku stolicy Bułgarii, Sofii. Po drodze krótki postój w <strong>Smederewie</strong>. Smederewo to miasto nad Dunajem. Główną atrakcją są ruiny monumentalnej średniowiecznej twierdzy obronnej z pierwszej połowy XV wieku. Obecnie Twierdza Smederewo to jedna z największych fortec warownych w Europie. Zajmuje ona przeszło jedenaście hektarów na których oprócz murów obronnych znajduje się także 25 potężnych wież. Każda z nich ma 11 metrów szerokości i 20 wysokości. Z jej murów rozpościera się przepiękny widok na miasto oraz malowniczą dolinę Dunaju. Dziś stanowi jeden z obiektów oczekujących na wpis na Listę UNESCO. Przyjazd do Sofii. \r\n<b>3.</b> Zwiedzanie <strong>Sofii</strong>. Jednym z najbardziej znanych zabytków Sofii jest monumentalny Sobór św. Aleksandra Newskiego, wzniesiony na cześć rosyjskiego cara Aleksandra II. Pozostałe warte zobaczenia zabytki miasta to m in. wczesnochrześcijańska rotunda św. Męczennika Jerzego Zwycięzcy (najstarsza budowla miasta), cerkiew św. Niedzieli (chram Sweta Nedela), XVI wieczny stary meczet Bania Baszi (jedyny funkcjonujący obecnie w Sofii), okazała synagoga (jedna z trzech największych w Europie), XIII wieczna cerkiew Sweta Perka Paraskewa, chrześcijańska katedra św. Józefa oraz wpisana na Listę Światowego Dziedzictwa UNESCO średniowieczna cerkiew Bojańska. Przejazd do Monastyru Rilskiego. Monastyr Rilski to jeden z największych, najpiękniejszych i najbardziej znanych bułgarskich klasztorów. Świątynia ta położona jest na wysokości 1147 metrów n.p.m. w malowniczej kotlinie górskiego masywu Riła. Monastyr założony został w X wieku przez jednego z najbardziej znanych bułgarskich świętych, mnicha Iwana Rilskiego (876-946), którego relikwie spoczywają dziś w klasztorze. Po odzyskaniu niepodległości, w czasie bułgarskiego odrodzenia narodowego świątynia urosła do rangi symbolu oporu przeciwko tureckiej okupacji. Klasztor otaczają potężne, wysokie na przeszło 20 metrów mury, które nadają mu wygląd warownej twierdzy. Obecnie Monastyr Rilski uważany jest za jeden z największych skarbów Bułgarii. W 1983 roku świątynia została wpisana na Listę UNESCO. Przejazd do hotelu w Płowdiw, zakwaterowanie, obiadokolacja i nocleg nr 2. Serce miasta stanowi ulica Księcia Aleksandra I Battenberga, nazwany tak na cześć pierwszego władcy niepodległej Bułgarii. Do najciekawszych zabytków Płowdiwa zaliczyć można m in. pozostałości murów rzymskich, okazały starożytny amfiteatr, prawosławną cerkiew św. Konstantyna i Heleny, Dom Bałabanowa, XIX wieczną neoromańską cerkiew św. Mariny, zbudowany w XIX wieku w stylu Odrodzenia Narodowego dom Bałabanowa, wzniesiony na przełomie XV-XVI wieku Meczet Dżumaja, minaret oraz XVI wieczne tureckie łaźnie Czifte. \r\n<b>4.</b> Przejazd do <strong>Nesebyru</strong>. Na terenie Nesebyru zachowało się wiele bogato zdobionych cerkwi bizantyjskich. Przechadzając się po mieście dostrzec można bardzo dobrze zachowane wczesnobizantyjskie mury miejskie z bramą wejściową. Ponadto na uwagę zasługują także wąskie malownicze brukowane uliczki, XIX wieczne drewniane domy mieszczańskie. W 1956 roku zabytkowe miasto Nesebyr zostało uznane za rezerwat architektoniczny i archeologiczny a w 1983 roku zostało wpisane na Listę UNESCO. Przejazd w okolice Warny/Złotych Piasków. \r\n<b>5-7.</b> Pobyt dzień 1-3, nocleg nr 4-6.\r\n<b>8.</b> Wyjazd w drogę powrotną. \r\n<b>9.</b> Przyjazd do Rzeszowa w godzinach porannych.',0,NULL,0,NULL,0,'images/Bucharest_AdobeStock_215608389_Preview.jpeg'),(23,'Bośnia I Hercegowina, Chorwacja i Słowenia','for_work','Wodospady Jajce; Jajce; Sarajewo; Mostar; Medjugorje; Počitelj; Wodospady Kravica; Kravica; Split; Crikvenica; Vrsar; Lublana; Bled; Wąwóz Vintgar; Planica; Bośnia I Hercegowina; Bośnia; Hercegowina; Chorwacja; Słowenia; Jugosławia','9 dni, w tym 6 noclegów ze śniadaniami i obiadokolacjami (HB) i 2 noce przejazdowe w autokarze','Wycieczka na Bałkany, w ramach której przejedziemy najpierw przez przepiękną, dziką ale i sponiewieraną wojnami Bośnię i Hercegowinę, a następnie wzdłuż chorwackiego wybrzeża adriatyckiego będziemy wracać na północ dawnej Jugosławii do malowniczych zakątków Istrii i Słowenii.','<b>1.</b> Zbiórka uczestników. Wyjazd z miejsca zbiórki (g. 20.00.) Przejazd przez Słowację, Węgry do Bośni i Hercegowiny. \r\n<b>2.</b> Zwiedzanie miejscowości <strong>Jajce</strong>, która jest nazywana „bośniackim muzeum pod otwartym niebem”. Jajce to przede wszystkim fantastyczne wodospady, jeden z cudów natury w Bośni. Ale to także piękna starówka, twierdza, mury obronne, zespół baszt, meczet Dizdarów, wieża zegarowa, meczet Singa-bega, ruiny kościoła św. Marii, katakumby, tradycyjne domy muzułmańskie oraz meczet Esme Sultanija. Przejazd do Sarajewa. \r\n<b>3.</b> Zwiedzanie stolicy Bośni i Hercegowiny <strong>Sarajewa</strong>, nazywanego „Europejską Jerozolimą”: katedra pw. Serca Jezusowego, miejsce zamachu na Franciszka Ferdynanda, kryty bazar Bezistan, meczet Gazi Husrev-bega, grobowce islamskie, medresa Sejżukija, synagoga, wieża zegarowa sahat kula, targ Baśćarśija, studnia Sebilj (pierwszy w Europie wodociąg), ratusz. Przejazd do nieformalnej stolicy Hercegowiny Mostaru z kamienistym i niesamowicie turkusowym brzegiem Neretwy (w 2005 Stary Most i starówka zostały wpisane na listę światowego dziedzictwa kulturowego UNESCO). Przejazd do Medjugorje. \r\n<b>4.</b> Krótka wizyta w <strong>Medjugorje</strong>, najsłynniejszym bałkańskim miejscu objawień. Przejazd do <strong>wodospadów Kravica</strong>, cudu natury, uważanego za najpiękniejsze miejsce w Hercegowinie. Przejazd do <strong>Počitelj</strong> z jednym z najlepiej zachowanych zespołów urbanistycznych typu tureckiego. Powrót do hotelu w Medjugorje. \r\n<b>5.</b> Przejazd do <strong>Splitu</strong>. Split to drugie co do wielkości chorwackie miasto i równocześnie stolica Dalmacji, ważny ośrodek administracyjny, gospodarczy i komunikacyjny. Największą tutejszą atrakcją są pozostałości gigantycznego pałacu rzymskiego cesarza Dioklecjana. Przejazd na nocleg we Vrsar. \r\n<b>6.</b> I dzień <strong>plażowania w Vrsar</strong>. Bajkowe miasteczko położone na wzgórzu, na niezwykle malowniczym wybrzeżu, pełnym zatoczek i małych wysp. Spacerując sennymi, wąskimi uliczkami, wspinając się po schodach do starego miasta można odnieść wrażenie, że czas się tu zatrzymał. To małe miasteczko rybackie jest jednocześnie jednym z najbardziej znanych kurortów półwyspu Istria. Według podań przebywał tu sam Casanova napawając się romantyczną atmosferą okolicy. Trzeba pamiętać o specyfice chorwackich plaż - zamiast piasku przeważają tam drobne kamienie. Wszyscy, którzy uwielbiają kąpiele w morzu nie będą jednak zawiedzeni - czeka na nich ciepła i przejrzysta woda. \r\n<b>7.</b> II dzień plażowania w Vrsar. Obiadokolacja i nocleg. \r\n<b>8.</b> Przejazd na zwiedzanie stolicy Słowenii <strong>Lublany</strong> nazywanej „Zieloną Stolicą Europy”: Plac Franceta Prešerna, Tromostovje, Kolumnada Plečnika, Smoczy Most, Stare Miasto, Most Szewski, wjazd kolejką na Wzgórze Zamkowe. Nienaruszona zabudowa starego miasta, bogata oferta rozrywkowa i przyjaźnie nastawieni mieszkańcy są najlepszą reklamą słoweńskiej stolicy. Lublana jest na pewno jedną z najciekawiej położonych stolic. Miasto otoczone jest górami i pięknymi widokami. Przejazd do miasteczka Bled, jednego z najpiękniejszych miejsc wypoczynkowych w Alpach, położonego nad Jeziorem Bled u stóp góry Triglav (najwyższy szczyt Alp Julijskich). Spacer po zabytkowym centrum, wejście do zamku wznoszącego się na ponad 100-metrowej skale nad miasteczkiem oraz (dla chętnych) rejs po jeziorze do kościółka Maryi Wspomożycielki na wyspie. Spacer turystyczną ścieżką po Wąwozie Vintgar nad rzeką Radovną. Wyjazd wieczorem w drogę powrotną do Rzeszowa. \r\n<b>9.</b> Przyjazd na miejsce zbiórki w godzinach porannych',0,NULL,0,NULL,0,'images/dubrovnik_AdobeStock_165907346_Preview.jpeg'),(24,'Bośnia i Hercegowina, Chorwacja','for_work','Bośnia i Hercegowina; Bośnia; Hercegowina; Chorwacja; Neum; Dubrownik; Korčula; Hutovo Blato; Kravice; Medjugorje; Raguza; Dalmacja; Adriatyk; Morze Adriatyckie','7 dni (4 noclegi HB****)','Wycieczka do jedynego nadmorskiego kurortu Bośni i Hercegowiny, a następnie zwiedzanie najpiękniejszych zakątków Chorwacji z Dubrownikiem oraz Korčulą - wyspą samego Marco Polo.','<b>1.</b> Zbiórka około 16:00, przejazd nocny przez Polskę, Słowację, Węgry, Chorwację do Bośni i Hercegowiny. \r\n<b>2.</b> Przyjazd do <strong>Neum</strong> (BiH; wczesne popołudnie): Neum to najsłynniejszy, a w zasadzie jedyny bośniacki kurort nadmorski. Miejsce to na letnią rezydencję szczególnie upodobał sobie Josip Broz Tito, choć miał do dyspozycji tak rozległe wybrzeże adriatyckie dawnej Jugosławii. Zakwaterowanie w hotelu – czas wolny dla wycieczkowiczów – relaks nad morzem lub przy basenie. \r\n<b>3.</b> Wyjazd do jednego z najpiękniejszych miast Europy <strong>Dubrownika</strong> (Chorwacja) – zwiedzanie miasta z przewodnikiem: Usadowiony na skale, opasany wysokimi murami obronnymi obmywanymi przez Adriatyk to jeden ze skarbów światowej architektury. Wąskie uliczki pogrążone w zbawiennym cieniu, gdzie wiszą sznury na bieliznę, kalejdoskop kawiarnianych parasoli, małe, ukwiecone placyki wybrukowane lekko lśniącą kostką, tworzą prawdziwie śródziemnomorską atmosferę. \r\n<b>4.</b> Wyjazd na <strong>wyspę Korčulę</strong> (Chorwacja): to zachwycające ufortyfikowane miasto o tej samej nazwie co wyspa. Plan ulic zręcznie odzwierciedla rozmieszczenie ości ryby. W niemal wszystkich uliczkach zauważymy detale architektoniczne, szczególnie motywy muzyczne. Legenda głosi, iż to właśnie tutaj przyszedł na świat nie kto inny jak patron naszego biura – sam Marco Polo. \r\n<b>5.</b> Wyjazd do <strong>Hutovo Blato</strong>, które stanowi unikalny w skali Europy ptasi rezerwat. Tutaj w okresie wędrówek odpoczywa ponad 240 gatunków ptaków. W programie foto-safari: rejs łodziami po parku. Przejazd do <strong>wodospadów Kravice</strong> – cudu natury, uważanego za najpiękniejsze miejsce w całej Hercegowinie. Krótka wizyta w <strong>Medjugorje</strong> – słynnym miejscu objawień. \r\n<b>6.</b> Wykwaterowanie, wyjazd w drogę powrotną (przejazd nocny). \r\n<b>7.</b> Powrót w godzinach porannych.',0,NULL,1,0,0,'images/korcula_AdobeStock_93067583_Preview.jpeg');
/*!40000 ALTER TABLE `webpage_offer_offer` ENABLE KEYS */;
UNLOCK TABLES;

--
-- Table structure for table `webpage_tour_participant`
--

DROP TABLE IF EXISTS `webpage_tour_participant`;
/*!40101 SET @saved_cs_client     = @@character_set_client */;
/*!40101 SET character_set_client = utf8 */;
CREATE TABLE `webpage_tour_participant` (
  `id` int(11) NOT NULL AUTO_INCREMENT,
  `first_name` varchar(15) COLLATE utf8mb4_polish_ci NOT NULL,
  `last_name` varchar(30) COLLATE utf8mb4_polish_ci NOT NULL,
  `phone` int(11) NOT NULL,
  `date_of_birth` varchar(12) COLLATE utf8mb4_polish_ci DEFAULT NULL,
  PRIMARY KEY (`id`)
) ENGINE=InnoDB DEFAULT CHARSET=utf8mb4 COLLATE=utf8mb4_polish_ci;
/*!40101 SET character_set_client = @saved_cs_client */;

--
-- Dumping data for table `webpage_tour_participant`
--

LOCK TABLES `webpage_tour_participant` WRITE;
/*!40000 ALTER TABLE `webpage_tour_participant` DISABLE KEYS */;
/*!40000 ALTER TABLE `webpage_tour_participant` ENABLE KEYS */;
UNLOCK TABLES;

--
-- Table structure for table `webpage_tour_tour`
--

DROP TABLE IF EXISTS `webpage_tour_tour`;
/*!40101 SET @saved_cs_client     = @@character_set_client */;
/*!40101 SET character_set_client = utf8 */;
CREATE TABLE `webpage_tour_tour` (
  `id` int(11) NOT NULL AUTO_INCREMENT,
  `start_date` date NOT NULL,
  `end_date` date NOT NULL,
  `offer_id` int(11) DEFAULT NULL,
  PRIMARY KEY (`id`),
  KEY `webpage_tour_tour_offer_id_5359b12a_fk_webpage_offer_offer_id` (`offer_id`),
  CONSTRAINT `webpage_tour_tour_offer_id_5359b12a_fk_webpage_offer_offer_id` FOREIGN KEY (`offer_id`) REFERENCES `webpage_offer_offer` (`id`)
) ENGINE=InnoDB DEFAULT CHARSET=utf8mb4 COLLATE=utf8mb4_polish_ci;
/*!40101 SET character_set_client = @saved_cs_client */;

--
-- Dumping data for table `webpage_tour_tour`
--

LOCK TABLES `webpage_tour_tour` WRITE;
/*!40000 ALTER TABLE `webpage_tour_tour` DISABLE KEYS */;
/*!40000 ALTER TABLE `webpage_tour_tour` ENABLE KEYS */;
UNLOCK TABLES;

--
-- Table structure for table `webpage_tour_tourparticipant`
--

DROP TABLE IF EXISTS `webpage_tour_tourparticipant`;
/*!40101 SET @saved_cs_client     = @@character_set_client */;
/*!40101 SET character_set_client = utf8 */;
CREATE TABLE `webpage_tour_tourparticipant` (
  `id` int(11) NOT NULL AUTO_INCREMENT,
  `status` varchar(20) COLLATE utf8mb4_polish_ci NOT NULL,
  `participant_id` int(11) NOT NULL,
  `tour_id` int(11) NOT NULL,
  PRIMARY KEY (`id`),
  KEY `webpage_tour_tourpar_participant_id_81b546c3_fk_webpage_t` (`participant_id`),
  KEY `webpage_tour_tourpar_tour_id_3d552ddd_fk_webpage_t` (`tour_id`),
  CONSTRAINT `webpage_tour_tourpar_participant_id_81b546c3_fk_webpage_t` FOREIGN KEY (`participant_id`) REFERENCES `webpage_tour_participant` (`id`),
  CONSTRAINT `webpage_tour_tourpar_tour_id_3d552ddd_fk_webpage_t` FOREIGN KEY (`tour_id`) REFERENCES `webpage_tour_tour` (`id`)
) ENGINE=InnoDB DEFAULT CHARSET=utf8mb4 COLLATE=utf8mb4_polish_ci;
/*!40101 SET character_set_client = @saved_cs_client */;

--
-- Dumping data for table `webpage_tour_tourparticipant`
--

LOCK TABLES `webpage_tour_tourparticipant` WRITE;
/*!40000 ALTER TABLE `webpage_tour_tourparticipant` DISABLE KEYS */;
/*!40000 ALTER TABLE `webpage_tour_tourparticipant` ENABLE KEYS */;
UNLOCK TABLES;
/*!40103 SET TIME_ZONE=@OLD_TIME_ZONE */;

/*!40101 SET SQL_MODE=@OLD_SQL_MODE */;
/*!40014 SET FOREIGN_KEY_CHECKS=@OLD_FOREIGN_KEY_CHECKS */;
/*!40014 SET UNIQUE_CHECKS=@OLD_UNIQUE_CHECKS */;
/*!40101 SET CHARACTER_SET_CLIENT=@OLD_CHARACTER_SET_CLIENT */;
/*!40101 SET CHARACTER_SET_RESULTS=@OLD_CHARACTER_SET_RESULTS */;
/*!40101 SET COLLATION_CONNECTION=@OLD_COLLATION_CONNECTION */;
/*!40111 SET SQL_NOTES=@OLD_SQL_NOTES */;

-- Dump completed on 2019-03-24 20:20:00
